#
# There is insufficient memory for the Java Runtime Environment to continue.
# Native memory allocation (malloc) failed to allocate 1384472 bytes. Error detail: Chunk::new
# Possible reasons:
#   The system is out of physical RAM or swap space
#   This process is running with CompressedOops enabled, and the Java Heap may be blocking the growth of the native heap
# Possible solutions:
#   Reduce memory load on the system
#   Increase physical memory or swap space
#   Check if swap backing store is full
#   Decrease Java heap size (-Xmx/-Xms)
#   Decrease number of Java threads
#   Decrease Java thread stack sizes (-Xss)
#   Set larger code cache with -XX:ReservedCodeCacheSize=
#   JVM is running with Zero Based Compressed Oops mode in which the Java heap is
#     placed in the first 32GB address space. The Java Heap base address is the
#     maximum limit for the native heap growth. Please use -XX:HeapBaseMinAddress
#     to set the Java Heap base and to place the Java Heap above 32GB virtual address.
# This output file may be truncated or incomplete.
#
#  Out of Memory Error (arena.cpp:186), pid=40892, tid=36752
#
# JRE version: Java(TM) SE Runtime Environment (25.0.1+8) (build 25.0.1+8-LTS-27)
# Java VM: Java HotSpot(TM) 64-Bit Server VM (25.0.1+8-LTS-27, mixed mode, sharing, tiered, compressed oops, compressed class ptrs, g1 gc, windows-amd64)
# No core dump will be written. Minidumps are not enabled by default on client versions of Windows
#

---------------  S U M M A R Y ------------

Command Line: --add-opens=java.base/java.lang=ALL-UNNAMED --add-opens=java.base/java.lang.invoke=ALL-UNNAMED --add-opens=java.base/java.util=ALL-UNNAMED --add-opens=java.prefs/java.util.prefs=ALL-UNNAMED --add-exports=jdk.compiler/com.sun.tools.javac.api=ALL-UNNAMED --add-exports=jdk.compiler/com.sun.tools.javac.util=ALL-UNNAMED --add-opens=java.base/java.util=ALL-UNNAMED --add-opens=java.prefs/java.util.prefs=ALL-UNNAMED --add-opens=java.base/java.nio.charset=ALL-UNNAMED --add-opens=java.base/java.net=ALL-UNNAMED --add-opens=java.base/java.util.concurrent=ALL-UNNAMED --add-opens=java.base/java.util.concurrent.atomic=ALL-UNNAMED --add-opens=java.xml/javax.xml.namespace=ALL-UNNAMED --add-opens=java.base/java.time=ALL-UNNAMED --enable-native-access=ALL-UNNAMED -XX:MaxMetaspaceSize=4G -XX:ReservedCodeCacheSize=512m -XX:+HeapDumpOnOutOfMemoryError -Xmx8G -Dfile.encoding=UTF-8 -Duser.country=FR -Duser.language=fr -Duser.variant -javaagent:C:\Users\Lenovo\.gradle\wrapper\dists\gradle-9.1.0-all\7wzd0jkjit61aq2p43wpjgij9\gradle-9.1.0\lib\agents\gradle-instrumentation-agent-9.1.0.jar org.gradle.launcher.daemon.bootstrap.GradleDaemon 9.1.0

Host: AMD Ryzen 3 4300U with Radeon Graphics         , 4 cores, 7G,  Windows 11 , 64 bit Build 26100 (10.0.26100.8972)
Time: Wed Sep 30 18:03:31 2026 Greenwich elapsed time: 514.209881 seconds (0d 0h 8m 34s)

---------------  T H R E A D  ---------------

Current thread (0x00000197f2237200):  JavaThread "C2 CompilerThread0" daemon [_thread_in_native, id=36752, stack(0x000000620ab00000,0x000000620ac00000) (1024K)]


Current CompileTask:
C2:514212 34078       4       org.jetbrains.kotlin.parsing.SemanticWhitespaceAwarePsiBuilderImpl::newlineBeforeCurrentToken (190 bytes)

Stack: [0x000000620ab00000,0x000000620ac00000]
Native frames: (J=compiled Java code, j=interpreted, Vv=VM code, C=native code)
V  [jvm.dll+0x7a6b59]  (no source info available)
V  [jvm.dll+0x77290d]  (no source info available)
V  [jvm.dll+0x966153]  (no source info available)
V  [jvm.dll+0x968751]  (no source info available)
V  [jvm.dll+0x968e53]  (no source info available)
V  [jvm.dll+0x2fc756]  (no source info available)
V  [jvm.dll+0x111b26]  (no source info available)
V  [jvm.dll+0x111e4e]  (no source info available)
V  [jvm.dll+0x1a0a22]  (no source info available)
V  [jvm.dll+0x3b53c2]  (no source info available)
V  [jvm.dll+0x7ac4ef]  (no source info available)
V  [jvm.dll+0x2c0ac7]  (no source info available)
V  [jvm.dll+0x2bfa8f]  (no source info available)
V  [jvm.dll+0x237b60]  (no source info available)
V  [jvm.dll+0x2cfb56]  (no source info available)
V  [jvm.dll+0x2cddd5]  (no source info available)
V  [jvm.dll+0x48e6d1]  (no source info available)
V  [jvm.dll+0x906a0d]  (no source info available)
V  [jvm.dll+0x7a5135]  (no source info available)
C  [ucrtbase.dll+0x2cd30]  (no source info available)
C  [KERNEL32.DLL+0x2ccb7]  (no source info available)
C  [ntdll.dll+0xaad6c]  (no source info available)

Lock stack of current Java thread (top to bottom):


---------------  P R O C E S S  ---------------

Threads class SMR info:
_java_thread_list=0x00000197b2e6c430, length=90, elements={
0x00000197dd3cb1e0, 0x00000197f22321b0, 0x00000197f2233170, 0x00000197f2233fd0,
0x00000197f2234b90, 0x00000197f2235750, 0x00000197f2236310, 0x00000197f2237200,
0x00000197f223fe10, 0x00000197f48a3380, 0x00000197f48f3eb0, 0x00000197fa501fa0,
0x00000197f47a3060, 0x00000197fa5db020, 0x00000197fa5859a0, 0x00000197fa951a30,
0x00000197fa954910, 0x00000197f979e120, 0x00000197f979f890, 0x00000197f979f0c0,
0x00000197f97a3710, 0x00000197f97a46b0, 0x00000197fc1ea830, 0x00000197fc1ec770,
0x00000197f9009860, 0x00000197f900afd0, 0x00000197fb9320f0, 0x00000197fb92d2d0,
0x00000197fb9301b0, 0x00000197fb931150, 0x00000197fb92e270, 0x00000197fb9328c0,
0x00000197fa94e380, 0x00000197fa952200, 0x00000197fa94eb50, 0x00000197fa9531a0,
0x00000197b9862450, 0x00000197fc64d210, 0x00000197fc64e980, 0x00000197fc64d9e0,
0x00000197fc64b2d0, 0x00000197f97a1000, 0x00000197f979d950, 0x00000197f97a1fa0,
0x00000197f90088c0, 0x00000197bb96c930, 0x00000197bb96f810, 0x00000197bb96ffe0,
0x00000197bb96d100, 0x00000197bb9707b0, 0x00000197bb973690, 0x00000197bb972ec0,
0x00000197bb971f20, 0x00000197bb976d40, 0x00000197bb976570, 0x00000197bb973e60,
0x00000197bb978c80, 0x00000197bb9755d0, 0x00000197bb979450, 0x00000197b814e670,
0x00000197b814dea0, 0x00000197b8151d20, 0x00000197b8152cc0, 0x00000197b814f610,
0x00000197b8156370, 0x00000197b8153c60, 0x00000197b8153490, 0x00000197b8159a20,
0x00000197b81582b0, 0x00000197b8158a80, 0x00000197badc35d0, 0x00000197badc83f0,
0x00000197bb445470, 0x00000197bb447b80, 0x00000197bb4444d0, 0x00000197bb449ac0,
0x00000197bb448b20, 0x00000197bb44a290, 0x00000197b24c0830, 0x00000197b24c1fa0,
0x00000197b24c2770, 0x00000197b24c2f40, 0x00000197b24c46b0, 0x00000197b24c3ee0,
0x00000197b24c5e20, 0x00000197b24ca470, 0x00000197b24c9ca0, 0x00000197b24cb410,
0x00000197b24cc3b0, 0x00000197b24cf290
}

Java Threads: ( => current thread )
  0x00000197dd3cb1e0 JavaThread "main"                              [_thread_blocked, id=18348, stack(0x0000006209d00000,0x0000006209e00000) (1024K)]
  0x00000197f22321b0 JavaThread "Reference Handler"          daemon [_thread_blocked, id=41200, stack(0x000000620a500000,0x000000620a600000) (1024K)]
  0x00000197f2233170 JavaThread "Finalizer"                  daemon [_thread_blocked, id=17944, stack(0x000000620a600000,0x000000620a700000) (1024K)]
  0x00000197f2233fd0 JavaThread "Signal Dispatcher"          daemon [_thread_blocked, id=33516, stack(0x000000620a700000,0x000000620a800000) (1024K)]
  0x00000197f2234b90 JavaThread "Attach Listener"            daemon [_thread_blocked, id=31516, stack(0x000000620a800000,0x000000620a900000) (1024K)]
  0x00000197f2235750 JavaThread "Service Thread"             daemon [_thread_blocked, id=13736, stack(0x000000620a900000,0x000000620aa00000) (1024K)]
  0x00000197f2236310 JavaThread "Monitor Deflation Thread"   daemon [_thread_blocked, id=27388, stack(0x000000620aa00000,0x000000620ab00000) (1024K)]
=>0x00000197f2237200 JavaThread "C2 CompilerThread0"         daemon [_thread_in_native, id=36752, stack(0x000000620ab00000,0x000000620ac00000) (1024K)]
  0x00000197f223fe10 JavaThread "C1 CompilerThread0"         daemon [_thread_blocked, id=19300, stack(0x000000620ac00000,0x000000620ad00000) (1024K)]
  0x00000197f48a3380 JavaThread "Common-Cleaner"             daemon [_thread_blocked, id=36252, stack(0x000000620ad00000,0x000000620ae00000) (1024K)]
  0x00000197f48f3eb0 JavaThread "Notification Thread"        daemon [_thread_blocked, id=32420, stack(0x000000620ae00000,0x000000620af00000) (1024K)]
  0x00000197fa501fa0 JavaThread "Daemon health stats"               [_thread_blocked, id=7732, stack(0x000000620b000000,0x000000620b100000) (1024K)]
  0x00000197f47a3060 JavaThread "Incoming local TCP Connector on port 55915"        [_thread_in_native, id=18516, stack(0x000000620b100000,0x000000620b200000) (1024K)]
  0x00000197fa5db020 JavaThread "Daemon periodic checks"            [_thread_blocked, id=32016, stack(0x000000620b200000,0x000000620b300000) (1024K)]
  0x00000197fa5859a0 JavaThread "Daemon"                            [_thread_blocked, id=9240, stack(0x000000620b300000,0x000000620b400000) (1024K)]
  0x00000197fa951a30 JavaThread "Daemon worker"                     [_thread_in_native, id=27120, stack(0x000000620b600000,0x000000620b700000) (1024K)]
  0x00000197fa954910 JavaThread "Cache worker for journal cache (C:\Users\Lenovo\.gradle\caches\journal-1)"        [_thread_blocked, id=5928, stack(0x000000620bc00000,0x000000620bd00000) (1024K)]
  0x00000197f979e120 JavaThread "File lock request listener"        [_thread_in_native, id=2348, stack(0x000000620bd00000,0x000000620be00000) (1024K)]
  0x00000197f979f890 JavaThread "Cache worker for file hash cache (C:\Users\Lenovo\.gradle\caches\9.1.0\fileHashes)"        [_thread_blocked, id=28012, stack(0x000000620be00000,0x000000620bf00000) (1024K)]
  0x00000197f979f0c0 JavaThread "File watcher server"        daemon [_thread_in_native, id=33280, stack(0x000000620c200000,0x000000620c300000) (1024K)]
  0x00000197f97a3710 JavaThread "File watcher consumer"      daemon [_thread_blocked, id=34508, stack(0x000000620c300000,0x000000620c400000) (1024K)]
  0x00000197f97a46b0 JavaThread "jar transforms"                    [_thread_blocked, id=21216, stack(0x000000620c400000,0x000000620c500000) (1024K)]
  0x00000197fc1ea830 JavaThread "jar transforms Thread 2"           [_thread_blocked, id=12848, stack(0x000000620c500000,0x000000620c600000) (1024K)]
  0x00000197fc1ec770 JavaThread "jar transforms Thread 3"           [_thread_blocked, id=10252, stack(0x000000620c600000,0x000000620c700000) (1024K)]
  0x00000197f9009860 JavaThread "Cache worker for file content cache (C:\Users\Lenovo\.gradle\caches\9.1.0\fileContent)"        [_thread_blocked, id=17404, stack(0x000000620c800000,0x000000620c900000) (1024K)]
  0x00000197f900afd0 JavaThread "jar transforms Thread 4"           [_thread_blocked, id=14440, stack(0x000000620cb00000,0x000000620cc00000) (1024K)]
  0x00000197fb9320f0 JavaThread "Memory manager"                    [_thread_blocked, id=41212, stack(0x000000620d400000,0x000000620d500000) (1024K)]
  0x00000197fb92d2d0 JavaThread "Handler for socket connection from /127.0.0.1:55915 to /127.0.0.1:53142"        [_thread_in_native, id=4676, stack(0x0000006209c00000,0x0000006209d00000) (1024K)]
  0x00000197fb9301b0 JavaThread "Cancel handler"                    [_thread_blocked, id=34312, stack(0x000000620b400000,0x000000620b500000) (1024K)]
  0x00000197fb931150 JavaThread "Asynchronous log dispatcher for DefaultDaemonConnection: socket connection from /127.0.0.1:55915 to /127.0.0.1:53142"        [_thread_blocked, id=5624, stack(0x000000620b500000,0x000000620b600000) (1024K)]
  0x00000197fb92e270 JavaThread "Stdin handler"                     [_thread_blocked, id=26840, stack(0x000000620b700000,0x000000620b800000) (1024K)]
  0x00000197fb9328c0 JavaThread "Daemon client event forwarder"        [_thread_blocked, id=23164, stack(0x000000620b800000,0x000000620b900000) (1024K)]
  0x00000197fa94e380 JavaThread "Cache worker for file hash cache (C:\Users\Lenovo\ggc_partenaire\flutter_app_new\android\.gradle\9.1.0\fileHashes)"        [_thread_blocked, id=37608, stack(0x000000620b900000,0x000000620ba00000) (1024K)]
  0x00000197fa952200 JavaThread "Cache worker for Build Output Cleanup Cache (C:\Users\Lenovo\ggc_partenaire\flutter_app_new\android\.gradle\buildOutputCleanup)"        [_thread_blocked, id=31052, stack(0x000000620bf00000,0x000000620c000000) (1024K)]
  0x00000197fa94eb50 JavaThread "Cache worker for checksums cache (C:\Users\Lenovo\ggc_partenaire\flutter_app_new\android\.gradle\9.1.0\checksums)"        [_thread_blocked, id=20600, stack(0x000000620c000000,0x000000620c100000) (1024K)]
  0x00000197fa9531a0 JavaThread "Cache worker for cache directory md-supplier (C:\Users\Lenovo\.gradle\caches\9.1.0\md-supplier)"        [_thread_blocked, id=26212, stack(0x000000620c100000,0x000000620c200000) (1024K)]
  0x00000197b9862450 JavaThread "Cache worker for cache directory md-rule (C:\Users\Lenovo\.gradle\caches\9.1.0\md-rule)"        [_thread_blocked, id=25428, stack(0x000000620c700000,0x000000620c800000) (1024K)]
  0x00000197fc64d210 JavaThread "Cache worker for Build Output Cleanup Cache (C:\flutter\packages\flutter_tools\gradle\.gradle\buildOutputCleanup)"        [_thread_blocked, id=32724, stack(0x000000620c900000,0x000000620ca00000) (1024K)]
  0x00000197fc64e980 JavaThread "Unconstrained build operations"        [_thread_blocked, id=27796, stack(0x000000620ca00000,0x000000620cb00000) (1024K)]
  0x00000197fc64d9e0 JavaThread "Unconstrained build operations Thread 2"        [_thread_blocked, id=28912, stack(0x000000620cc00000,0x000000620cd00000) (1024K)]
  0x00000197fc64b2d0 JavaThread "Unconstrained build operations Thread 3"        [_thread_blocked, id=19740, stack(0x000000620cd00000,0x000000620ce00000) (1024K)]
  0x00000197f97a1000 JavaThread "Unconstrained build operations Thread 4"        [_thread_blocked, id=33448, stack(0x000000620ce00000,0x000000620cf00000) (1024K)]
  0x00000197f979d950 JavaThread "Unconstrained build operations Thread 5"        [_thread_blocked, id=22740, stack(0x000000620cf00000,0x000000620d000000) (1024K)]
  0x00000197f97a1fa0 JavaThread "Unconstrained build operations Thread 6"        [_thread_blocked, id=33336, stack(0x000000620d000000,0x000000620d100000) (1024K)]
  0x00000197f90088c0 JavaThread "build event listener"              [_thread_blocked, id=37452, stack(0x000000620d100000,0x000000620d200000) (1024K)]
  0x00000197bb96c930 JavaThread "File lock release action executor Thread 5"        [_thread_blocked, id=15448, stack(0x000000620d200000,0x000000620d300000) (1024K)]
  0x00000197bb96f810 JavaThread "Execution worker"                  [_thread_blocked, id=26228, stack(0x000000620d500000,0x000000620d600000) (1024K)]
  0x00000197bb96ffe0 JavaThread "Execution worker Thread 2"         [_thread_blocked, id=33612, stack(0x000000620d600000,0x000000620d700000) (1024K)]
  0x00000197bb96d100 JavaThread "Execution worker Thread 3"         [_thread_blocked, id=36932, stack(0x000000620d700000,0x000000620d800000) (1024K)]
  0x00000197bb9707b0 JavaThread "Cache worker for execution history cache (C:\flutter\packages\flutter_tools\gradle\.gradle\9.1.0\executionHistory)"        [_thread_blocked, id=29892, stack(0x000000620d800000,0x000000620d900000) (1024K)]
  0x00000197bb973690 JavaThread "Unconstrained build operations Thread 7"        [_thread_blocked, id=18048, stack(0x000000620d900000,0x000000620da00000) (1024K)]
  0x00000197bb972ec0 JavaThread "Unconstrained build operations Thread 8"        [_thread_blocked, id=41432, stack(0x000000620da00000,0x000000620db00000) (1024K)]
  0x00000197bb971f20 JavaThread "Unconstrained build operations Thread 9"        [_thread_blocked, id=37324, stack(0x000000620db00000,0x000000620dc00000) (1024K)]
  0x00000197bb976d40 JavaThread "Unconstrained build operations Thread 10"        [_thread_blocked, id=24680, stack(0x000000620dc00000,0x000000620dd00000) (1024K)]
  0x00000197bb976570 JavaThread "Unconstrained build operations Thread 11"        [_thread_blocked, id=28452, stack(0x000000620dd00000,0x000000620de00000) (1024K)]
  0x00000197bb973e60 JavaThread "Unconstrained build operations Thread 12"        [_thread_blocked, id=7384, stack(0x000000620de00000,0x000000620df00000) (1024K)]
  0x00000197bb978c80 JavaThread "Unconstrained build operations Thread 13"        [_thread_blocked, id=3160, stack(0x000000620df00000,0x000000620e000000) (1024K)]
  0x00000197bb9755d0 JavaThread "Unconstrained build operations Thread 14"        [_thread_blocked, id=38432, stack(0x000000620e000000,0x000000620e100000) (1024K)]
  0x00000197bb979450 JavaThread "Unconstrained build operations Thread 15"        [_thread_blocked, id=39136, stack(0x000000620e100000,0x000000620e200000) (1024K)]
  0x00000197b814e670 JavaThread "Unconstrained build operations Thread 16"        [_thread_blocked, id=34524, stack(0x000000620e300000,0x000000620e400000) (1024K)]
  0x00000197b814dea0 JavaThread "Unconstrained build operations Thread 17"        [_thread_blocked, id=37416, stack(0x000000620e400000,0x000000620e500000) (1024K)]
  0x00000197b8151d20 JavaThread "Unconstrained build operations Thread 18"        [_thread_blocked, id=16988, stack(0x000000620e500000,0x000000620e600000) (1024K)]
  0x00000197b8152cc0 JavaThread "Unconstrained build operations Thread 19"        [_thread_blocked, id=31112, stack(0x000000620e600000,0x000000620e700000) (1024K)]
  0x00000197b814f610 JavaThread "Unconstrained build operations Thread 20"        [_thread_blocked, id=35168, stack(0x000000620e700000,0x000000620e800000) (1024K)]
  0x00000197b8156370 JavaThread "Unconstrained build operations Thread 21"        [_thread_blocked, id=20636, stack(0x000000620e800000,0x000000620e900000) (1024K)]
  0x00000197b8153c60 JavaThread "Unconstrained build operations Thread 22"        [_thread_blocked, id=41064, stack(0x000000620e900000,0x000000620ea00000) (1024K)]
  0x00000197b8153490 JavaThread "Unconstrained build operations Thread 23"        [_thread_blocked, id=25960, stack(0x000000620ea00000,0x000000620eb00000) (1024K)]
  0x00000197b8159a20 JavaThread "Unconstrained build operations Thread 24"        [_thread_blocked, id=41712, stack(0x000000620eb00000,0x000000620ec00000) (1024K)]
  0x00000197b81582b0 JavaThread "Unconstrained build operations Thread 25"        [_thread_blocked, id=13580, stack(0x000000620ec00000,0x000000620ed00000) (1024K)]
  0x00000197b8158a80 JavaThread "Unconstrained build operations Thread 26"        [_thread_blocked, id=5104, stack(0x000000620ed00000,0x000000620ee00000) (1024K)]
  0x00000197badc35d0 JavaThread "build event listener"              [_thread_blocked, id=15812, stack(0x0000006209b00000,0x0000006209c00000) (1024K)]
  0x00000197badc83f0 JavaThread "build event listener"              [_thread_blocked, id=12320, stack(0x000000620d300000,0x000000620d400000) (1024K)]
  0x00000197bb445470 JavaThread "Problems report writer"            [_thread_blocked, id=11044, stack(0x000000620ee00000,0x000000620ef00000) (1024K)]
  0x00000197bb447b80 JavaThread "Unconstrained build operations Thread 27"        [_thread_blocked, id=22964, stack(0x000000620ef00000,0x000000620f000000) (1024K)]
  0x00000197bb4444d0 JavaThread "Unconstrained build operations Thread 28"        [_thread_blocked, id=1280, stack(0x000000620f000000,0x000000620f100000) (1024K)]
  0x00000197bb449ac0 JavaThread "Unconstrained build operations Thread 29"        [_thread_blocked, id=10900, stack(0x000000620f100000,0x000000620f200000) (1024K)]
  0x00000197bb448b20 JavaThread "Unconstrained build operations Thread 30"        [_thread_blocked, id=28692, stack(0x000000620f200000,0x000000620f300000) (1024K)]
  0x00000197bb44a290 JavaThread "Unconstrained build operations Thread 31"        [_thread_blocked, id=10664, stack(0x000000620f300000,0x000000620f400000) (1024K)]
  0x00000197b24c0830 JavaThread "Unconstrained build operations Thread 32"        [_thread_blocked, id=39172, stack(0x000000620f400000,0x000000620f500000) (1024K)]
  0x00000197b24c1fa0 JavaThread "Unconstrained build operations Thread 33"        [_thread_blocked, id=22756, stack(0x000000620e200000,0x000000620e300000) (1024K)]
  0x00000197b24c2770 JavaThread "Unconstrained build operations Thread 34"        [_thread_blocked, id=22508, stack(0x000000620f500000,0x000000620f600000) (1024K)]
  0x00000197b24c2f40 JavaThread "Unconstrained build operations Thread 35"        [_thread_blocked, id=38000, stack(0x000000620f600000,0x000000620f700000) (1024K)]
  0x00000197b24c46b0 JavaThread "Unconstrained build operations Thread 36"        [_thread_blocked, id=29792, stack(0x000000620f700000,0x000000620f800000) (1024K)]
  0x00000197b24c3ee0 JavaThread "Unconstrained build operations Thread 37"        [_thread_blocked, id=23760, stack(0x000000620f800000,0x000000620f900000) (1024K)]
  0x00000197b24c5e20 JavaThread "Unconstrained build operations Thread 38"        [_thread_blocked, id=32452, stack(0x000000620f900000,0x000000620fa00000) (1024K)]
  0x00000197b24ca470 JavaThread "Unconstrained build operations Thread 39"        [_thread_blocked, id=37020, stack(0x000000620fa00000,0x000000620fb00000) (1024K)]
  0x00000197b24c9ca0 JavaThread "Unconstrained build operations Thread 40"        [_thread_blocked, id=12332, stack(0x000000620fb00000,0x000000620fc00000) (1024K)]
  0x00000197b24cb410 JavaThread "File lock release action executor Thread 6"        [_thread_blocked, id=27436, stack(0x000000620fc00000,0x000000620fd00000) (1024K)]
  0x00000197b24cc3b0 JavaThread "File lock release action executor Thread 7"        [_thread_blocked, id=18520, stack(0x000000620fd00000,0x000000620fe00000) (1024K)]
  0x00000197b24cf290 JavaThread "File lock release action executor Thread 8"        [_thread_blocked, id=39564, stack(0x000000620fe00000,0x000000620ff00000) (1024K)]
Total: 90

Other Threads:
  0x00000197f22155d0 VMThread "VM Thread"                           [id=10756, stack(0x000000620a400000,0x000000620a500000) (1024K)]
  0x00000197f20e3f40 WatcherThread "VM Periodic Task Thread"        [id=512, stack(0x000000620a300000,0x000000620a400000) (1024K)]
  0x00000197df6ba780 WorkerThread "GC Thread#0"                     [id=34856, stack(0x0000006209e00000,0x0000006209f00000) (1024K)]
  0x00000197f935ddf0 WorkerThread "GC Thread#1"                     [id=38636, stack(0x000000620af00000,0x000000620b000000) (1024K)]
  0x00000197fa975390 WorkerThread "GC Thread#2"                     [id=36956, stack(0x000000620ba00000,0x000000620bb00000) (1024K)]
  0x00000197fa973110 WorkerThread "GC Thread#3"                     [id=19592, stack(0x000000620bb00000,0x000000620bc00000) (1024K)]
  0x00000197dd48dfa0 ConcurrentGCThread "G1 Main Marker"            [id=41176, stack(0x0000006209f00000,0x000000620a000000) (1024K)]
  0x00000197dd48eb40 WorkerThread "G1 Conc#0"                       [id=25184, stack(0x000000620a000000,0x000000620a100000) (1024K)]
  0x00000197f20d5060 ConcurrentGCThread "G1 Refine#0"               [id=32248, stack(0x000000620a100000,0x000000620a200000) (1024K)]
  0x00000197f20d5a70 ConcurrentGCThread "G1 Service"                [id=17420, stack(0x000000620a200000,0x000000620a300000) (1024K)]
Total: 10

Threads with active compile tasks:
C2 CompilerThread0  515179 34078       4       org.jetbrains.kotlin.parsing.SemanticWhitespaceAwarePsiBuilderImpl::newlineBeforeCurrentToken (190 bytes)
Total: 1

VM state: not at safepoint (normal execution)

VM Mutex/Monitor currently owned by a thread: None

Heap address: 0x0000000600000000, size: 8192 MB, Compressed Oops mode: Zero based, Oop shift amount: 3

CDS archive(s) mapped at: [0x0000000015000000-0x0000000015dd0000-0x0000000015dd0000), size 14483456, SharedBaseAddress: 0x0000000015000000, ArchiveRelocationMode: 1.
Compressed class space mapped at: 0x0000000016000000-0x0000000056000000, reserved size: 1073741824
UseCompressedClassPointers 1, UseCompactObjectHeaders 0
Narrow klass pointer bits 32, Max shift 3
Narrow klass base: 0x0000000015000000, Narrow klass shift: 0
Encoding Range: [0x0000000015000000 - 0x0000000115000000), (4294967296 bytes)
Klass Range:    [0x0000000015010000 - 0x0000000056000000), (1090453504 bytes)
Klass ID Range:  [65536 - 1090519033) (1090453497)
Protection zone: [0x0000000015000000 - 0x0000000015010000), (65536 bytes)

GC Precious Log:
 CardTable entry size: 512
 Card Set container configuration: InlinePtr #cards 4 size 8 Array Of Cards #cards 32 size 80 Howl #buckets 8 coarsen threshold 7372 Howl Bitmap #cards 1024 size 144 coarsen threshold 921 Card regions per heap region 1 cards per card region 8192
 CPUs: 4 total, 4 available
 Memory: 7544M
 Large Page Support: Disabled
 NUMA Support: Disabled
 Compressed Oops: Enabled (Zero based)
 Heap Region Size: 4M
 Heap Min Capacity: 8M
 Heap Initial Capacity: 120M
 Heap Max Capacity: 8G
 Pre-touch: Disabled
 Parallel Workers: 4
 Concurrent Workers: 1
 Concurrent Refinement Workers: 4
 Periodic GC: Disabled

Heap:
 garbage-first heap   total reserved 8388608K, committed 1740800K, used 772997K [0x0000000600000000, 0x0000000800000000)
  region size 4096K, 11 young (45056K), 3 survivors (12288K)

Heap Regions: E=young(eden), S=young(survivor), O=old, HS=humongous(starts), HC=humongous(continues), CS=collection set, F=free, TAMS=top-at-mark-start, PB=parsable bottom
|   0|0x0000000600000000, 0x0000000600400000, 0x0000000600400000|100%|HS|  |TAMS 0x0000000600000000| PB 0x0000000600000000| Complete |  0
|   1|0x0000000600400000, 0x0000000600800000, 0x0000000600800000|100%| O|  |TAMS 0x0000000600400000| PB 0x0000000600400000| Untracked |  0
|   2|0x0000000600800000, 0x0000000600c00000, 0x0000000600c00000|100%| O|  |TAMS 0x0000000600800000| PB 0x0000000600800000| Untracked |  0
|   3|0x0000000600c00000, 0x0000000601000000, 0x0000000601000000|100%| O|  |TAMS 0x0000000600c00000| PB 0x0000000600c00000| Untracked |  0
|   4|0x0000000601000000, 0x0000000601400000, 0x0000000601400000|100%| O|  |TAMS 0x0000000601000000| PB 0x0000000601000000| Untracked |  0
|   5|0x0000000601400000, 0x0000000601800000, 0x0000000601800000|100%| O|  |TAMS 0x0000000601400000| PB 0x0000000601400000| Untracked |  0
|   6|0x0000000601800000, 0x0000000601c00000, 0x0000000601c00000|100%| O|  |TAMS 0x0000000601800000| PB 0x0000000601800000| Untracked |  0
|   7|0x0000000601c00000, 0x0000000602000000, 0x0000000602000000|100%| O|  |TAMS 0x0000000601c00000| PB 0x0000000601c00000| Untracked |  0
|   8|0x0000000602000000, 0x0000000602400000, 0x0000000602400000|100%| O|  |TAMS 0x0000000602000000| PB 0x0000000602000000| Untracked |  0
|   9|0x0000000602400000, 0x0000000602800000, 0x0000000602800000|100%| O|  |TAMS 0x0000000602400000| PB 0x0000000602400000| Untracked |  0
|  10|0x0000000602800000, 0x0000000602c00000, 0x0000000602c00000|100%| O|  |TAMS 0x0000000602800000| PB 0x0000000602800000| Untracked |  0
|  11|0x0000000602c00000, 0x0000000603000000, 0x0000000603000000|100%| O|  |TAMS 0x0000000602c00000| PB 0x0000000602c00000| Untracked |  0
|  12|0x0000000603000000, 0x0000000603400000, 0x0000000603400000|100%| O|  |TAMS 0x0000000603000000| PB 0x0000000603000000| Untracked |  0
|  13|0x0000000603400000, 0x0000000603800000, 0x0000000603800000|100%| O|  |TAMS 0x0000000603400000| PB 0x0000000603400000| Untracked |  0
|  14|0x0000000603800000, 0x0000000603c00000, 0x0000000603c00000|100%| O|  |TAMS 0x0000000603800000| PB 0x0000000603800000| Untracked |  0
|  15|0x0000000603c00000, 0x0000000604000000, 0x0000000604000000|100%| O|  |TAMS 0x0000000603c00000| PB 0x0000000603c00000| Untracked |  0
|  16|0x0000000604000000, 0x0000000604400000, 0x0000000604400000|100%| O|  |TAMS 0x0000000604000000| PB 0x0000000604000000| Untracked |  0
|  17|0x0000000604400000, 0x0000000604800000, 0x0000000604800000|100%| O|  |TAMS 0x0000000604400000| PB 0x0000000604400000| Untracked |  0
|  18|0x0000000604800000, 0x0000000604c00000, 0x0000000604c00000|100%| O|  |TAMS 0x0000000604800000| PB 0x0000000604800000| Untracked |  0
|  19|0x0000000604c00000, 0x0000000605000000, 0x0000000605000000|100%| O|  |TAMS 0x0000000604c00000| PB 0x0000000604c00000| Untracked |  0
|  20|0x0000000605000000, 0x0000000605400000, 0x0000000605400000|100%| O|  |TAMS 0x0000000605000000| PB 0x0000000605000000| Untracked |  0
|  21|0x0000000605400000, 0x0000000605800000, 0x0000000605800000|100%| O|  |TAMS 0x0000000605400000| PB 0x0000000605400000| Untracked |  0
|  22|0x0000000605800000, 0x0000000605c00000, 0x0000000605c00000|100%| O|  |TAMS 0x0000000605800000| PB 0x0000000605800000| Untracked |  0
|  23|0x0000000605c00000, 0x0000000606000000, 0x0000000606000000|100%| O|  |TAMS 0x0000000605c00000| PB 0x0000000605c00000| Untracked |  0
|  24|0x0000000606000000, 0x0000000606400000, 0x0000000606400000|100%| O|  |TAMS 0x0000000606000000| PB 0x0000000606000000| Untracked |  0
|  25|0x0000000606400000, 0x0000000606800000, 0x0000000606800000|100%| O|  |TAMS 0x0000000606400000| PB 0x0000000606400000| Untracked |  0
|  26|0x0000000606800000, 0x0000000606c00000, 0x0000000606c00000|100%| O|  |TAMS 0x0000000606800000| PB 0x0000000606800000| Untracked |  0
|  27|0x0000000606c00000, 0x0000000607000000, 0x0000000607000000|100%| O|  |TAMS 0x0000000606c00000| PB 0x0000000606c00000| Untracked |  0
|  28|0x0000000607000000, 0x0000000607400000, 0x0000000607400000|100%| O|  |TAMS 0x0000000607000000| PB 0x0000000607000000| Untracked |  0
|  29|0x0000000607400000, 0x0000000607800000, 0x0000000607800000|100%| O|  |TAMS 0x0000000607400000| PB 0x0000000607400000| Untracked |  0
|  30|0x0000000607800000, 0x0000000607c00000, 0x0000000607c00000|100%| O|  |TAMS 0x0000000607800000| PB 0x0000000607800000| Untracked |  0
|  31|0x0000000607c00000, 0x0000000608000000, 0x0000000608000000|100%| O|  |TAMS 0x0000000607c00000| PB 0x0000000607c00000| Untracked |  0
|  32|0x0000000608000000, 0x0000000608400000, 0x0000000608400000|100%| O|  |TAMS 0x0000000608000000| PB 0x0000000608000000| Untracked |  0
|  33|0x0000000608400000, 0x0000000608800000, 0x0000000608800000|100%| O|  |TAMS 0x0000000608400000| PB 0x0000000608400000| Untracked |  0
|  34|0x0000000608800000, 0x0000000608c00000, 0x0000000608c00000|100%| O|  |TAMS 0x0000000608800000| PB 0x0000000608800000| Untracked |  0
|  35|0x0000000608c00000, 0x0000000609000000, 0x0000000609000000|100%| O|  |TAMS 0x0000000608c00000| PB 0x0000000608c00000| Untracked |  0
|  36|0x0000000609000000, 0x0000000609400000, 0x0000000609400000|100%| O|  |TAMS 0x0000000609000000| PB 0x0000000609000000| Untracked |  0
|  37|0x0000000609400000, 0x0000000609800000, 0x0000000609800000|100%| O|  |TAMS 0x0000000609400000| PB 0x0000000609400000| Untracked |  0
|  38|0x0000000609800000, 0x0000000609c00000, 0x0000000609c00000|100%| O|  |TAMS 0x0000000609800000| PB 0x0000000609800000| Untracked |  0
|  39|0x0000000609c00000, 0x000000060a000000, 0x000000060a000000|100%| O|  |TAMS 0x0000000609c00000| PB 0x0000000609c00000| Untracked |  0
|  40|0x000000060a000000, 0x000000060a400000, 0x000000060a400000|100%| O|  |TAMS 0x000000060a000000| PB 0x000000060a000000| Untracked |  0
|  41|0x000000060a400000, 0x000000060a800000, 0x000000060a800000|100%| O|  |TAMS 0x000000060a400000| PB 0x000000060a400000| Untracked |  0
|  42|0x000000060a800000, 0x000000060ac00000, 0x000000060ac00000|100%| O|  |TAMS 0x000000060a800000| PB 0x000000060a800000| Untracked |  0
|  43|0x000000060ac00000, 0x000000060b000000, 0x000000060b000000|100%| O|  |TAMS 0x000000060ac00000| PB 0x000000060ac00000| Untracked |  0
|  44|0x000000060b000000, 0x000000060b400000, 0x000000060b400000|100%| O|  |TAMS 0x000000060b000000| PB 0x000000060b000000| Untracked |  0
|  45|0x000000060b400000, 0x000000060b800000, 0x000000060b800000|100%| O|  |TAMS 0x000000060b400000| PB 0x000000060b400000| Untracked |  0
|  46|0x000000060b800000, 0x000000060bc00000, 0x000000060bc00000|100%| O|  |TAMS 0x000000060b800000| PB 0x000000060b800000| Untracked |  0
|  47|0x000000060bc00000, 0x000000060c000000, 0x000000060c000000|100%| O|  |TAMS 0x000000060bc00000| PB 0x000000060bc00000| Untracked |  0
|  48|0x000000060c000000, 0x000000060c400000, 0x000000060c400000|100%| O|  |TAMS 0x000000060c000000| PB 0x000000060c000000| Untracked |  0
|  49|0x000000060c400000, 0x000000060c800000, 0x000000060c800000|100%| O|  |TAMS 0x000000060c400000| PB 0x000000060c400000| Untracked |  0
|  50|0x000000060c800000, 0x000000060cc00000, 0x000000060cc00000|100%| O|  |TAMS 0x000000060c800000| PB 0x000000060c800000| Untracked |  0
|  51|0x000000060cc00000, 0x000000060d000000, 0x000000060d000000|100%| O|  |TAMS 0x000000060cc00000| PB 0x000000060cc00000| Untracked |  0
|  52|0x000000060d000000, 0x000000060d400000, 0x000000060d400000|100%| O|  |TAMS 0x000000060d000000| PB 0x000000060d000000| Untracked |  0
|  53|0x000000060d400000, 0x000000060d800000, 0x000000060d800000|100%| O|  |TAMS 0x000000060d400000| PB 0x000000060d400000| Untracked |  0
|  54|0x000000060d800000, 0x000000060dc00000, 0x000000060dc00000|100%| O|  |TAMS 0x000000060d800000| PB 0x000000060d800000| Untracked |  0
|  55|0x000000060dc00000, 0x000000060e000000, 0x000000060e000000|100%| O|  |TAMS 0x000000060dc00000| PB 0x000000060dc00000| Untracked |  0
|  56|0x000000060e000000, 0x000000060e400000, 0x000000060e400000|100%| O|  |TAMS 0x000000060e000000| PB 0x000000060e000000| Untracked |  0
|  57|0x000000060e400000, 0x000000060e800000, 0x000000060e800000|100%| O|  |TAMS 0x000000060e400000| PB 0x000000060e400000| Untracked |  0
|  58|0x000000060e800000, 0x000000060ec00000, 0x000000060ec00000|100%| O|  |TAMS 0x000000060e800000| PB 0x000000060e800000| Untracked |  0
|  59|0x000000060ec00000, 0x000000060f000000, 0x000000060f000000|100%| O|  |TAMS 0x000000060ec00000| PB 0x000000060ec00000| Untracked |  0
|  60|0x000000060f000000, 0x000000060f400000, 0x000000060f400000|100%| O|  |TAMS 0x000000060f000000| PB 0x000000060f000000| Untracked |  0
|  61|0x000000060f400000, 0x000000060f800000, 0x000000060f800000|100%| O|  |TAMS 0x000000060f400000| PB 0x000000060f400000| Untracked |  0
|  62|0x000000060f800000, 0x000000060fc00000, 0x000000060fc00000|100%| O|  |TAMS 0x000000060f800000| PB 0x000000060f800000| Untracked |  0
|  63|0x000000060fc00000, 0x0000000610000000, 0x0000000610000000|100%| O|  |TAMS 0x000000060fc00000| PB 0x000000060fc00000| Untracked |  0
|  64|0x0000000610000000, 0x0000000610400000, 0x0000000610400000|100%| O|  |TAMS 0x0000000610000000| PB 0x0000000610000000| Untracked |  0
|  65|0x0000000610400000, 0x0000000610800000, 0x0000000610800000|100%| O|  |TAMS 0x0000000610400000| PB 0x0000000610400000| Untracked |  0
|  66|0x0000000610800000, 0x0000000610c00000, 0x0000000610c00000|100%| O|  |TAMS 0x0000000610800000| PB 0x0000000610800000| Untracked |  0
|  67|0x0000000610c00000, 0x0000000611000000, 0x0000000611000000|100%| O|  |TAMS 0x0000000610c00000| PB 0x0000000610c00000| Untracked |  0
|  68|0x0000000611000000, 0x0000000611400000, 0x0000000611400000|100%| O|  |TAMS 0x0000000611000000| PB 0x0000000611000000| Untracked |  0
|  69|0x0000000611400000, 0x0000000611800000, 0x0000000611800000|100%| O|  |TAMS 0x0000000611400000| PB 0x0000000611400000| Untracked |  0
|  70|0x0000000611800000, 0x0000000611c00000, 0x0000000611c00000|100%| O|  |TAMS 0x0000000611800000| PB 0x0000000611800000| Untracked |  0
|  71|0x0000000611c00000, 0x0000000612000000, 0x0000000612000000|100%| O|  |TAMS 0x0000000611c00000| PB 0x0000000611c00000| Untracked |  0
|  72|0x0000000612000000, 0x0000000612400000, 0x0000000612400000|100%| O|  |TAMS 0x0000000612000000| PB 0x0000000612000000| Untracked |  0
|  73|0x0000000612400000, 0x0000000612800000, 0x0000000612800000|100%| O|  |TAMS 0x0000000612400000| PB 0x0000000612400000| Untracked |  0
|  74|0x0000000612800000, 0x0000000612c00000, 0x0000000612c00000|100%| O|  |TAMS 0x0000000612800000| PB 0x0000000612800000| Untracked |  0
|  75|0x0000000612c00000, 0x0000000613000000, 0x0000000613000000|100%| O|  |TAMS 0x0000000612c00000| PB 0x0000000612c00000| Untracked |  0
|  76|0x0000000613000000, 0x0000000613400000, 0x0000000613400000|100%| O|  |TAMS 0x0000000613000000| PB 0x0000000613000000| Untracked |  0
|  77|0x0000000613400000, 0x0000000613800000, 0x0000000613800000|100%| O|  |TAMS 0x0000000613400000| PB 0x0000000613400000| Untracked |  0
|  78|0x0000000613800000, 0x0000000613c00000, 0x0000000613c00000|100%| O|  |TAMS 0x0000000613800000| PB 0x0000000613800000| Untracked |  0
|  79|0x0000000613c00000, 0x0000000614000000, 0x0000000614000000|100%| O|  |TAMS 0x0000000613c00000| PB 0x0000000613c00000| Untracked |  0
|  80|0x0000000614000000, 0x0000000614400000, 0x0000000614400000|100%| O|  |TAMS 0x0000000614000000| PB 0x0000000614000000| Untracked |  0
|  81|0x0000000614400000, 0x0000000614800000, 0x0000000614800000|100%| O|  |TAMS 0x0000000614400000| PB 0x0000000614400000| Untracked |  0
|  82|0x0000000614800000, 0x0000000614c00000, 0x0000000614c00000|100%| O|  |TAMS 0x0000000614800000| PB 0x0000000614800000| Untracked |  0
|  83|0x0000000614c00000, 0x0000000615000000, 0x0000000615000000|100%| O|  |TAMS 0x0000000614c00000| PB 0x0000000614c00000| Untracked |  0
|  84|0x0000000615000000, 0x0000000615400000, 0x0000000615400000|100%| O|  |TAMS 0x0000000615000000| PB 0x0000000615000000| Untracked |  0
|  85|0x0000000615400000, 0x0000000615800000, 0x0000000615800000|100%| O|  |TAMS 0x0000000615400000| PB 0x0000000615400000| Untracked |  0
|  86|0x0000000615800000, 0x0000000615c00000, 0x0000000615c00000|100%| O|  |TAMS 0x0000000615800000| PB 0x0000000615800000| Untracked |  0
|  87|0x0000000615c00000, 0x0000000616000000, 0x0000000616000000|100%| O|  |TAMS 0x0000000615c00000| PB 0x0000000615c00000| Untracked |  0
|  88|0x0000000616000000, 0x0000000616400000, 0x0000000616400000|100%| O|  |TAMS 0x0000000616000000| PB 0x0000000616000000| Untracked |  0
|  89|0x0000000616400000, 0x0000000616800000, 0x0000000616800000|100%| O|  |TAMS 0x0000000616400000| PB 0x0000000616400000| Untracked |  0
|  90|0x0000000616800000, 0x0000000616c00000, 0x0000000616c00000|100%| O|  |TAMS 0x0000000616800000| PB 0x0000000616800000| Untracked |  0
|  91|0x0000000616c00000, 0x0000000617000000, 0x0000000617000000|100%| O|  |TAMS 0x0000000616c00000| PB 0x0000000616c00000| Untracked |  0
|  92|0x0000000617000000, 0x0000000617400000, 0x0000000617400000|100%| O|  |TAMS 0x0000000617000000| PB 0x0000000617000000| Untracked |  0
|  93|0x0000000617400000, 0x0000000617800000, 0x0000000617800000|100%| O|  |TAMS 0x0000000617400000| PB 0x0000000617400000| Untracked |  0
|  94|0x0000000617800000, 0x0000000617c00000, 0x0000000617c00000|100%| O|  |TAMS 0x0000000617800000| PB 0x0000000617800000| Untracked |  0
|  95|0x0000000617c00000, 0x0000000618000000, 0x0000000618000000|100%| O|  |TAMS 0x0000000617c00000| PB 0x0000000617c00000| Untracked |  0
|  96|0x0000000618000000, 0x0000000618400000, 0x0000000618400000|100%| O|  |TAMS 0x0000000618000000| PB 0x0000000618000000| Untracked |  0
|  97|0x0000000618400000, 0x0000000618800000, 0x0000000618800000|100%| O|  |TAMS 0x0000000618400000| PB 0x0000000618400000| Untracked |  0
|  98|0x0000000618800000, 0x0000000618c00000, 0x0000000618c00000|100%| O|  |TAMS 0x0000000618800000| PB 0x0000000618800000| Untracked |  0
|  99|0x0000000618c00000, 0x0000000619000000, 0x0000000619000000|100%| O|  |TAMS 0x0000000618c00000| PB 0x0000000618c00000| Untracked |  0
| 100|0x0000000619000000, 0x0000000619400000, 0x0000000619400000|100%|HS|  |TAMS 0x0000000619000000| PB 0x0000000619000000| Complete |  0
| 101|0x0000000619400000, 0x0000000619800000, 0x0000000619800000|100%| O|  |TAMS 0x0000000619400000| PB 0x0000000619400000| Untracked |  0
| 102|0x0000000619800000, 0x0000000619c00000, 0x0000000619c00000|100%| O|  |TAMS 0x0000000619800000| PB 0x0000000619800000| Untracked |  0
| 103|0x0000000619c00000, 0x000000061a000000, 0x000000061a000000|100%| O|  |TAMS 0x0000000619c00000| PB 0x0000000619c00000| Untracked |  0
| 104|0x000000061a000000, 0x000000061a400000, 0x000000061a400000|100%| O|  |TAMS 0x000000061a000000| PB 0x000000061a000000| Untracked |  0
| 105|0x000000061a400000, 0x000000061a800000, 0x000000061a800000|100%| O|  |TAMS 0x000000061a400000| PB 0x000000061a400000| Untracked |  0
| 106|0x000000061a800000, 0x000000061ac00000, 0x000000061ac00000|100%| O|  |TAMS 0x000000061a800000| PB 0x000000061a800000| Untracked |  0
| 107|0x000000061ac00000, 0x000000061b000000, 0x000000061b000000|100%| O|  |TAMS 0x000000061ac00000| PB 0x000000061ac00000| Untracked |  0
| 108|0x000000061b000000, 0x000000061b400000, 0x000000061b400000|100%| O|  |TAMS 0x000000061b000000| PB 0x000000061b000000| Untracked |  0
| 109|0x000000061b400000, 0x000000061b800000, 0x000000061b800000|100%| O|  |TAMS 0x000000061b400000| PB 0x000000061b400000| Untracked |  0
| 110|0x000000061b800000, 0x000000061bc00000, 0x000000061bc00000|100%| O|  |TAMS 0x000000061b800000| PB 0x000000061b800000| Untracked |  0
| 111|0x000000061bc00000, 0x000000061c000000, 0x000000061c000000|100%| O|  |TAMS 0x000000061bc00000| PB 0x000000061bc00000| Untracked |  0
| 112|0x000000061c000000, 0x000000061c400000, 0x000000061c400000|100%| O|  |TAMS 0x000000061c000000| PB 0x000000061c000000| Untracked |  0
| 113|0x000000061c400000, 0x000000061c800000, 0x000000061c800000|100%| O|  |TAMS 0x000000061c400000| PB 0x000000061c400000| Untracked |  0
| 114|0x000000061c800000, 0x000000061cc00000, 0x000000061cc00000|100%| O|  |TAMS 0x000000061c800000| PB 0x000000061c800000| Untracked |  0
| 115|0x000000061cc00000, 0x000000061d000000, 0x000000061d000000|100%| O|  |TAMS 0x000000061cc00000| PB 0x000000061cc00000| Untracked |  0
| 116|0x000000061d000000, 0x000000061d400000, 0x000000061d400000|100%| O|  |TAMS 0x000000061d000000| PB 0x000000061d000000| Untracked |  0
| 117|0x000000061d400000, 0x000000061d800000, 0x000000061d800000|100%| O|  |TAMS 0x000000061d400000| PB 0x000000061d400000| Untracked |  0
| 118|0x000000061d800000, 0x000000061dc00000, 0x000000061dc00000|100%| O|  |TAMS 0x000000061d800000| PB 0x000000061d800000| Untracked |  0
| 119|0x000000061dc00000, 0x000000061e000000, 0x000000061e000000|100%| O|  |TAMS 0x000000061dc00000| PB 0x000000061dc00000| Untracked |  0
| 120|0x000000061e000000, 0x000000061e400000, 0x000000061e400000|100%| O|  |TAMS 0x000000061e000000| PB 0x000000061e000000| Untracked |  0
| 121|0x000000061e400000, 0x000000061e800000, 0x000000061e800000|100%| O|  |TAMS 0x000000061e400000| PB 0x000000061e400000| Untracked |  0
| 122|0x000000061e800000, 0x000000061ec00000, 0x000000061ec00000|100%| O|  |TAMS 0x000000061e800000| PB 0x000000061e800000| Untracked |  0
| 123|0x000000061ec00000, 0x000000061f000000, 0x000000061f000000|100%| O|  |TAMS 0x000000061ec00000| PB 0x000000061ec00000| Untracked |  0
| 124|0x000000061f000000, 0x000000061f400000, 0x000000061f400000|100%| O|  |TAMS 0x000000061f000000| PB 0x000000061f000000| Untracked |  0
| 125|0x000000061f400000, 0x000000061f800000, 0x000000061f800000|100%| O|  |TAMS 0x000000061f400000| PB 0x000000061f400000| Untracked |  0
| 126|0x000000061f800000, 0x000000061fc00000, 0x000000061fc00000|100%| O|  |TAMS 0x000000061f800000| PB 0x000000061f800000| Untracked |  0
| 127|0x000000061fc00000, 0x0000000620000000, 0x0000000620000000|100%| O|  |TAMS 0x000000061fc00000| PB 0x000000061fc00000| Untracked |  0
| 128|0x0000000620000000, 0x0000000620400000, 0x0000000620400000|100%| O|  |TAMS 0x0000000620000000| PB 0x0000000620000000| Untracked |  0
| 129|0x0000000620400000, 0x0000000620800000, 0x0000000620800000|100%| O|  |TAMS 0x0000000620400000| PB 0x0000000620400000| Untracked |  0
| 130|0x0000000620800000, 0x0000000620c00000, 0x0000000620c00000|100%| O|  |TAMS 0x0000000620800000| PB 0x0000000620800000| Untracked |  0
| 131|0x0000000620c00000, 0x0000000621000000, 0x0000000621000000|100%| O|  |TAMS 0x0000000620c00000| PB 0x0000000620c00000| Untracked |  0
| 132|0x0000000621000000, 0x0000000621400000, 0x0000000621400000|100%| O|  |TAMS 0x0000000621000000| PB 0x0000000621000000| Untracked |  0
| 133|0x0000000621400000, 0x0000000621800000, 0x0000000621800000|100%| O|  |TAMS 0x0000000621400000| PB 0x0000000621400000| Untracked |  0
| 134|0x0000000621800000, 0x0000000621c00000, 0x0000000621c00000|100%| O|  |TAMS 0x0000000621800000| PB 0x0000000621800000| Untracked |  0
| 135|0x0000000621c00000, 0x0000000622000000, 0x0000000622000000|100%| O|  |TAMS 0x0000000621c00000| PB 0x0000000621c00000| Untracked |  0
| 136|0x0000000622000000, 0x0000000622400000, 0x0000000622400000|100%| O|  |TAMS 0x0000000622000000| PB 0x0000000622000000| Untracked |  0
| 137|0x0000000622400000, 0x0000000622800000, 0x0000000622800000|100%| O|  |TAMS 0x0000000622400000| PB 0x0000000622400000| Untracked |  0
| 138|0x0000000622800000, 0x0000000622c00000, 0x0000000622c00000|100%| O|  |TAMS 0x0000000622800000| PB 0x0000000622800000| Untracked |  0
| 139|0x0000000622c00000, 0x0000000623000000, 0x0000000623000000|100%| O|  |TAMS 0x0000000622c00000| PB 0x0000000622c00000| Untracked |  0
| 140|0x0000000623000000, 0x0000000623400000, 0x0000000623400000|100%| O|  |TAMS 0x0000000623000000| PB 0x0000000623000000| Untracked |  0
| 141|0x0000000623400000, 0x0000000623800000, 0x0000000623800000|100%| O|  |TAMS 0x0000000623400000| PB 0x0000000623400000| Untracked |  0
| 142|0x0000000623800000, 0x0000000623c00000, 0x0000000623c00000|100%| O|  |TAMS 0x0000000623800000| PB 0x0000000623800000| Untracked |  0
| 143|0x0000000623c00000, 0x0000000624000000, 0x0000000624000000|100%| O|  |TAMS 0x0000000623c00000| PB 0x0000000623c00000| Untracked |  0
| 144|0x0000000624000000, 0x0000000624400000, 0x0000000624400000|100%| O|  |TAMS 0x0000000624000000| PB 0x0000000624000000| Untracked |  0
| 145|0x0000000624400000, 0x0000000624800000, 0x0000000624800000|100%| O|  |TAMS 0x0000000624400000| PB 0x0000000624400000| Untracked |  0
| 146|0x0000000624800000, 0x0000000624c00000, 0x0000000624c00000|100%| O|  |TAMS 0x0000000624800000| PB 0x0000000624800000| Untracked |  0
| 147|0x0000000624c00000, 0x0000000625000000, 0x0000000625000000|100%| O|  |TAMS 0x0000000624c00000| PB 0x0000000624c00000| Untracked |  0
| 148|0x0000000625000000, 0x0000000625400000, 0x0000000625400000|100%| O|  |TAMS 0x0000000625000000| PB 0x0000000625000000| Untracked |  0
| 149|0x0000000625400000, 0x0000000625800000, 0x0000000625800000|100%| O|  |TAMS 0x0000000625400000| PB 0x0000000625400000| Untracked |  0
| 150|0x0000000625800000, 0x0000000625c00000, 0x0000000625c00000|100%| O|  |TAMS 0x0000000625800000| PB 0x0000000625800000| Untracked |  0
| 151|0x0000000625c00000, 0x0000000626000000, 0x0000000626000000|100%| O|  |TAMS 0x0000000625c00000| PB 0x0000000625c00000| Untracked |  0
| 152|0x0000000626000000, 0x0000000626400000, 0x0000000626400000|100%| O|  |TAMS 0x0000000626000000| PB 0x0000000626000000| Untracked |  0
| 153|0x0000000626400000, 0x0000000626800000, 0x0000000626800000|100%| O|  |TAMS 0x0000000626400000| PB 0x0000000626400000| Untracked |  0
| 154|0x0000000626800000, 0x0000000626c00000, 0x0000000626c00000|100%| O|  |TAMS 0x0000000626800000| PB 0x0000000626800000| Untracked |  0
| 155|0x0000000626c00000, 0x0000000627000000, 0x0000000627000000|100%| O|  |TAMS 0x0000000626c00000| PB 0x0000000626c00000| Untracked |  0
| 156|0x0000000627000000, 0x0000000627400000, 0x0000000627400000|100%| O|  |TAMS 0x0000000627000000| PB 0x0000000627000000| Untracked |  0
| 157|0x0000000627400000, 0x0000000627800000, 0x0000000627800000|100%| O|  |TAMS 0x0000000627400000| PB 0x0000000627400000| Untracked |  0
| 158|0x0000000627800000, 0x0000000627c00000, 0x0000000627c00000|100%| O|  |TAMS 0x0000000627800000| PB 0x0000000627800000| Untracked |  0
| 159|0x0000000627c00000, 0x0000000628000000, 0x0000000628000000|100%| O|  |TAMS 0x0000000627c00000| PB 0x0000000627c00000| Untracked |  0
| 160|0x0000000628000000, 0x0000000628400000, 0x0000000628400000|100%| O|  |TAMS 0x0000000628000000| PB 0x0000000628000000| Untracked |  0
| 161|0x0000000628400000, 0x0000000628800000, 0x0000000628800000|100%| O|  |TAMS 0x0000000628400000| PB 0x0000000628400000| Untracked |  0
| 162|0x0000000628800000, 0x0000000628c00000, 0x0000000628c00000|100%| O|  |TAMS 0x0000000628800000| PB 0x0000000628800000| Untracked |  0
| 163|0x0000000628c00000, 0x0000000629000000, 0x0000000629000000|100%| O|  |TAMS 0x0000000628c00000| PB 0x0000000628c00000| Untracked |  0
| 164|0x0000000629000000, 0x0000000629400000, 0x0000000629400000|100%| O|  |TAMS 0x0000000629000000| PB 0x0000000629000000| Untracked |  0
| 165|0x0000000629400000, 0x0000000629800000, 0x0000000629800000|100%| O|  |TAMS 0x0000000629400000| PB 0x0000000629400000| Untracked |  0
| 166|0x0000000629800000, 0x0000000629c00000, 0x0000000629c00000|100%| O|  |TAMS 0x0000000629800000| PB 0x0000000629800000| Untracked |  0
| 167|0x0000000629c00000, 0x000000062a000000, 0x000000062a000000|100%| O|  |TAMS 0x0000000629c00000| PB 0x0000000629c00000| Untracked |  0
| 168|0x000000062a000000, 0x000000062a400000, 0x000000062a400000|100%| O|  |TAMS 0x000000062a000000| PB 0x000000062a000000| Untracked |  0
| 169|0x000000062a400000, 0x000000062a800000, 0x000000062a800000|100%| O|  |TAMS 0x000000062a400000| PB 0x000000062a400000| Untracked |  0
| 170|0x000000062a800000, 0x000000062ac00000, 0x000000062ac00000|100%| O|  |TAMS 0x000000062a800000| PB 0x000000062a800000| Untracked |  0
| 171|0x000000062ac00000, 0x000000062b000000, 0x000000062b000000|100%| O|  |TAMS 0x000000062ac00000| PB 0x000000062ac00000| Untracked |  0
| 172|0x000000062b000000, 0x000000062b400000, 0x000000062b400000|100%| O|  |TAMS 0x000000062b000000| PB 0x000000062b000000| Untracked |  0
| 173|0x000000062b400000, 0x000000062b800000, 0x000000062b800000|100%| O|  |TAMS 0x000000062b400000| PB 0x000000062b400000| Untracked |  0
| 174|0x000000062b800000, 0x000000062bc00000, 0x000000062bc00000|100%| O|  |TAMS 0x000000062b800000| PB 0x000000062b800000| Untracked |  0
| 175|0x000000062bc00000, 0x000000062c000000, 0x000000062c000000|100%| O|  |TAMS 0x000000062bc00000| PB 0x000000062bc00000| Untracked |  0
| 176|0x000000062c000000, 0x000000062c400000, 0x000000062c400000|100%| O|  |TAMS 0x000000062c000000| PB 0x000000062c000000| Untracked |  0
| 177|0x000000062c400000, 0x000000062c6e1530, 0x000000062c800000| 72%| O|  |TAMS 0x000000062c400000| PB 0x000000062c400000| Untracked |  0
| 178|0x000000062c800000, 0x000000062c800000, 0x000000062cc00000|  0%| F|  |TAMS 0x000000062c800000| PB 0x000000062c800000| Untracked |  0
| 179|0x000000062cc00000, 0x000000062cc00000, 0x000000062d000000|  0%| F|  |TAMS 0x000000062cc00000| PB 0x000000062cc00000| Untracked |  0
| 180|0x000000062d000000, 0x000000062d000000, 0x000000062d400000|  0%| F|  |TAMS 0x000000062d000000| PB 0x000000062d000000| Untracked |  0
| 181|0x000000062d400000, 0x000000062d400000, 0x000000062d800000|  0%| F|  |TAMS 0x000000062d400000| PB 0x000000062d400000| Untracked |  0
| 182|0x000000062d800000, 0x000000062d800000, 0x000000062dc00000|  0%| F|  |TAMS 0x000000062d800000| PB 0x000000062d800000| Untracked |  0
| 183|0x000000062dc00000, 0x000000062dc00000, 0x000000062e000000|  0%| F|  |TAMS 0x000000062dc00000| PB 0x000000062dc00000| Untracked |  0
| 184|0x000000062e000000, 0x000000062e000000, 0x000000062e400000|  0%| F|  |TAMS 0x000000062e000000| PB 0x000000062e000000| Untracked |  0
| 185|0x000000062e400000, 0x000000062e400000, 0x000000062e800000|  0%| F|  |TAMS 0x000000062e400000| PB 0x000000062e400000| Untracked |  0
| 186|0x000000062e800000, 0x000000062e800000, 0x000000062ec00000|  0%| F|  |TAMS 0x000000062e800000| PB 0x000000062e800000| Untracked |  0
| 187|0x000000062ec00000, 0x000000062ec00000, 0x000000062f000000|  0%| F|  |TAMS 0x000000062ec00000| PB 0x000000062ec00000| Untracked |  0
| 188|0x000000062f000000, 0x000000062f000000, 0x000000062f400000|  0%| F|  |TAMS 0x000000062f000000| PB 0x000000062f000000| Untracked |  0
| 189|0x000000062f400000, 0x000000062f400000, 0x000000062f800000|  0%| F|  |TAMS 0x000000062f400000| PB 0x000000062f400000| Untracked |  0
| 190|0x000000062f800000, 0x000000062f800000, 0x000000062fc00000|  0%| F|  |TAMS 0x000000062f800000| PB 0x000000062f800000| Untracked |  0
| 191|0x000000062fc00000, 0x000000062fc00000, 0x0000000630000000|  0%| F|  |TAMS 0x000000062fc00000| PB 0x000000062fc00000| Untracked |  0
| 192|0x0000000630000000, 0x0000000630000000, 0x0000000630400000|  0%| F|  |TAMS 0x0000000630000000| PB 0x0000000630000000| Untracked |  0
| 193|0x0000000630400000, 0x0000000630400000, 0x0000000630800000|  0%| F|  |TAMS 0x0000000630400000| PB 0x0000000630400000| Untracked |  0
| 194|0x0000000630800000, 0x0000000630800000, 0x0000000630c00000|  0%| F|  |TAMS 0x0000000630800000| PB 0x0000000630800000| Untracked |  0
| 195|0x0000000630c00000, 0x0000000630c00000, 0x0000000631000000|  0%| F|  |TAMS 0x0000000630c00000| PB 0x0000000630c00000| Untracked |  0
| 196|0x0000000631000000, 0x0000000631000000, 0x0000000631400000|  0%| F|  |TAMS 0x0000000631000000| PB 0x0000000631000000| Untracked |  0
| 197|0x0000000631400000, 0x0000000631400000, 0x0000000631800000|  0%| F|  |TAMS 0x0000000631400000| PB 0x0000000631400000| Untracked |  0
| 198|0x0000000631800000, 0x0000000631800000, 0x0000000631c00000|  0%| F|  |TAMS 0x0000000631800000| PB 0x0000000631800000| Untracked |  0
| 199|0x0000000631c00000, 0x0000000631c00000, 0x0000000632000000|  0%| F|  |TAMS 0x0000000631c00000| PB 0x0000000631c00000| Untracked |  0
| 200|0x0000000632000000, 0x0000000632000000, 0x0000000632400000|  0%| F|  |TAMS 0x0000000632000000| PB 0x0000000632000000| Untracked |  0
| 201|0x0000000632400000, 0x0000000632400000, 0x0000000632800000|  0%| F|  |TAMS 0x0000000632400000| PB 0x0000000632400000| Untracked |  0
| 202|0x0000000632800000, 0x0000000632800000, 0x0000000632c00000|  0%| F|  |TAMS 0x0000000632800000| PB 0x0000000632800000| Untracked |  0
| 203|0x0000000632c00000, 0x0000000632c00000, 0x0000000633000000|  0%| F|  |TAMS 0x0000000632c00000| PB 0x0000000632c00000| Untracked |  0
| 204|0x0000000633000000, 0x0000000633000000, 0x0000000633400000|  0%| F|  |TAMS 0x0000000633000000| PB 0x0000000633000000| Untracked |  0
| 205|0x0000000633400000, 0x0000000633400000, 0x0000000633800000|  0%| F|  |TAMS 0x0000000633400000| PB 0x0000000633400000| Untracked |  0
| 206|0x0000000633800000, 0x0000000633800000, 0x0000000633c00000|  0%| F|  |TAMS 0x0000000633800000| PB 0x0000000633800000| Untracked |  0
| 207|0x0000000633c00000, 0x0000000633c00000, 0x0000000634000000|  0%| F|  |TAMS 0x0000000633c00000| PB 0x0000000633c00000| Untracked |  0
| 208|0x0000000634000000, 0x0000000634000000, 0x0000000634400000|  0%| F|  |TAMS 0x0000000634000000| PB 0x0000000634000000| Untracked |  0
| 209|0x0000000634400000, 0x0000000634400000, 0x0000000634800000|  0%| F|  |TAMS 0x0000000634400000| PB 0x0000000634400000| Untracked |  0
| 210|0x0000000634800000, 0x0000000634800000, 0x0000000634c00000|  0%| F|  |TAMS 0x0000000634800000| PB 0x0000000634800000| Untracked |  0
| 211|0x0000000634c00000, 0x0000000634c00000, 0x0000000635000000|  0%| F|  |TAMS 0x0000000634c00000| PB 0x0000000634c00000| Untracked |  0
| 212|0x0000000635000000, 0x0000000635000000, 0x0000000635400000|  0%| F|  |TAMS 0x0000000635000000| PB 0x0000000635000000| Untracked |  0
| 213|0x0000000635400000, 0x0000000635400000, 0x0000000635800000|  0%| F|  |TAMS 0x0000000635400000| PB 0x0000000635400000| Untracked |  0
| 214|0x0000000635800000, 0x0000000635800000, 0x0000000635c00000|  0%| F|  |TAMS 0x0000000635800000| PB 0x0000000635800000| Untracked |  0
| 215|0x0000000635c00000, 0x0000000635c00000, 0x0000000636000000|  0%| F|  |TAMS 0x0000000635c00000| PB 0x0000000635c00000| Untracked |  0
| 216|0x0000000636000000, 0x0000000636000000, 0x0000000636400000|  0%| F|  |TAMS 0x0000000636000000| PB 0x0000000636000000| Untracked |  0
| 217|0x0000000636400000, 0x0000000636400000, 0x0000000636800000|  0%| F|  |TAMS 0x0000000636400000| PB 0x0000000636400000| Untracked |  0
| 218|0x0000000636800000, 0x0000000636800000, 0x0000000636c00000|  0%| F|  |TAMS 0x0000000636800000| PB 0x0000000636800000| Untracked |  0
| 219|0x0000000636c00000, 0x0000000636c00000, 0x0000000637000000|  0%| F|  |TAMS 0x0000000636c00000| PB 0x0000000636c00000| Untracked |  0
| 220|0x0000000637000000, 0x0000000637000000, 0x0000000637400000|  0%| F|  |TAMS 0x0000000637000000| PB 0x0000000637000000| Untracked |  0
| 221|0x0000000637400000, 0x0000000637400000, 0x0000000637800000|  0%| F|  |TAMS 0x0000000637400000| PB 0x0000000637400000| Untracked |  0
| 222|0x0000000637800000, 0x0000000637800000, 0x0000000637c00000|  0%| F|  |TAMS 0x0000000637800000| PB 0x0000000637800000| Untracked |  0
| 223|0x0000000637c00000, 0x0000000637c00000, 0x0000000638000000|  0%| F|  |TAMS 0x0000000637c00000| PB 0x0000000637c00000| Untracked |  0
| 224|0x0000000638000000, 0x0000000638000000, 0x0000000638400000|  0%| F|  |TAMS 0x0000000638000000| PB 0x0000000638000000| Untracked |  0
| 225|0x0000000638400000, 0x0000000638400000, 0x0000000638800000|  0%| F|  |TAMS 0x0000000638400000| PB 0x0000000638400000| Untracked |  0
| 226|0x0000000638800000, 0x0000000638800000, 0x0000000638c00000|  0%| F|  |TAMS 0x0000000638800000| PB 0x0000000638800000| Untracked |  0
| 227|0x0000000638c00000, 0x0000000638c00000, 0x0000000639000000|  0%| F|  |TAMS 0x0000000638c00000| PB 0x0000000638c00000| Untracked |  0
| 228|0x0000000639000000, 0x0000000639000000, 0x0000000639400000|  0%| F|  |TAMS 0x0000000639000000| PB 0x0000000639000000| Untracked |  0
| 229|0x0000000639400000, 0x0000000639400000, 0x0000000639800000|  0%| F|  |TAMS 0x0000000639400000| PB 0x0000000639400000| Untracked |  0
| 230|0x0000000639800000, 0x0000000639800000, 0x0000000639c00000|  0%| F|  |TAMS 0x0000000639800000| PB 0x0000000639800000| Untracked |  0
| 231|0x0000000639c00000, 0x0000000639c00000, 0x000000063a000000|  0%| F|  |TAMS 0x0000000639c00000| PB 0x0000000639c00000| Untracked |  0
| 232|0x000000063a000000, 0x000000063a000000, 0x000000063a400000|  0%| F|  |TAMS 0x000000063a000000| PB 0x000000063a000000| Untracked |  0
| 233|0x000000063a400000, 0x000000063a400000, 0x000000063a800000|  0%| F|  |TAMS 0x000000063a400000| PB 0x000000063a400000| Untracked |  0
| 234|0x000000063a800000, 0x000000063a800000, 0x000000063ac00000|  0%| F|  |TAMS 0x000000063a800000| PB 0x000000063a800000| Untracked |  0
| 235|0x000000063ac00000, 0x000000063ac00000, 0x000000063b000000|  0%| F|  |TAMS 0x000000063ac00000| PB 0x000000063ac00000| Untracked |  0
| 236|0x000000063b000000, 0x000000063b000000, 0x000000063b400000|  0%| F|  |TAMS 0x000000063b000000| PB 0x000000063b000000| Untracked |  0
| 237|0x000000063b400000, 0x000000063b400000, 0x000000063b800000|  0%| F|  |TAMS 0x000000063b400000| PB 0x000000063b400000| Untracked |  0
| 238|0x000000063b800000, 0x000000063b800000, 0x000000063bc00000|  0%| F|  |TAMS 0x000000063b800000| PB 0x000000063b800000| Untracked |  0
| 239|0x000000063bc00000, 0x000000063bc00000, 0x000000063c000000|  0%| F|  |TAMS 0x000000063bc00000| PB 0x000000063bc00000| Untracked |  0
| 240|0x000000063c000000, 0x000000063c000000, 0x000000063c400000|  0%| F|  |TAMS 0x000000063c000000| PB 0x000000063c000000| Untracked |  0
| 241|0x000000063c400000, 0x000000063c400000, 0x000000063c800000|  0%| F|  |TAMS 0x000000063c400000| PB 0x000000063c400000| Untracked |  0
| 242|0x000000063c800000, 0x000000063c800000, 0x000000063cc00000|  0%| F|  |TAMS 0x000000063c800000| PB 0x000000063c800000| Untracked |  0
| 243|0x000000063cc00000, 0x000000063cc00000, 0x000000063d000000|  0%| F|  |TAMS 0x000000063cc00000| PB 0x000000063cc00000| Untracked |  0
| 244|0x000000063d000000, 0x000000063d000000, 0x000000063d400000|  0%| F|  |TAMS 0x000000063d000000| PB 0x000000063d000000| Untracked |  0
| 245|0x000000063d400000, 0x000000063d400000, 0x000000063d800000|  0%| F|  |TAMS 0x000000063d400000| PB 0x000000063d400000| Untracked |  0
| 246|0x000000063d800000, 0x000000063d800000, 0x000000063dc00000|  0%| F|  |TAMS 0x000000063d800000| PB 0x000000063d800000| Untracked |  0
| 247|0x000000063dc00000, 0x000000063dc00000, 0x000000063e000000|  0%| F|  |TAMS 0x000000063dc00000| PB 0x000000063dc00000| Untracked |  0
| 248|0x000000063e000000, 0x000000063e000000, 0x000000063e400000|  0%| F|  |TAMS 0x000000063e000000| PB 0x000000063e000000| Untracked |  0
| 249|0x000000063e400000, 0x000000063e400000, 0x000000063e800000|  0%| F|  |TAMS 0x000000063e400000| PB 0x000000063e400000| Untracked |  0
| 250|0x000000063e800000, 0x000000063e800000, 0x000000063ec00000|  0%| F|  |TAMS 0x000000063e800000| PB 0x000000063e800000| Untracked |  0
| 251|0x000000063ec00000, 0x000000063ec00000, 0x000000063f000000|  0%| F|  |TAMS 0x000000063ec00000| PB 0x000000063ec00000| Untracked |  0
| 252|0x000000063f000000, 0x000000063f000000, 0x000000063f400000|  0%| F|  |TAMS 0x000000063f000000| PB 0x000000063f000000| Untracked |  0
| 253|0x000000063f400000, 0x000000063f400000, 0x000000063f800000|  0%| F|  |TAMS 0x000000063f400000| PB 0x000000063f400000| Untracked |  0
| 254|0x000000063f800000, 0x000000063f800000, 0x000000063fc00000|  0%| F|  |TAMS 0x000000063f800000| PB 0x000000063f800000| Untracked |  0
| 255|0x000000063fc00000, 0x000000063fc00000, 0x0000000640000000|  0%| F|  |TAMS 0x000000063fc00000| PB 0x000000063fc00000| Untracked |  0
| 256|0x0000000640000000, 0x0000000640000000, 0x0000000640400000|  0%| F|  |TAMS 0x0000000640000000| PB 0x0000000640000000| Untracked |  0
| 257|0x0000000640400000, 0x0000000640400000, 0x0000000640800000|  0%| F|  |TAMS 0x0000000640400000| PB 0x0000000640400000| Untracked |  0
| 258|0x0000000640800000, 0x0000000640800000, 0x0000000640c00000|  0%| F|  |TAMS 0x0000000640800000| PB 0x0000000640800000| Untracked |  0
| 259|0x0000000640c00000, 0x0000000640c00000, 0x0000000641000000|  0%| F|  |TAMS 0x0000000640c00000| PB 0x0000000640c00000| Untracked |  0
| 260|0x0000000641000000, 0x0000000641000000, 0x0000000641400000|  0%| F|  |TAMS 0x0000000641000000| PB 0x0000000641000000| Untracked |  0
| 261|0x0000000641400000, 0x0000000641400000, 0x0000000641800000|  0%| F|  |TAMS 0x0000000641400000| PB 0x0000000641400000| Untracked |  0
| 262|0x0000000641800000, 0x0000000641800000, 0x0000000641c00000|  0%| F|  |TAMS 0x0000000641800000| PB 0x0000000641800000| Untracked |  0
| 263|0x0000000641c00000, 0x0000000641c00000, 0x0000000642000000|  0%| F|  |TAMS 0x0000000641c00000| PB 0x0000000641c00000| Untracked |  0
| 264|0x0000000642000000, 0x0000000642000000, 0x0000000642400000|  0%| F|  |TAMS 0x0000000642000000| PB 0x0000000642000000| Untracked |  0
| 265|0x0000000642400000, 0x0000000642400000, 0x0000000642800000|  0%| F|  |TAMS 0x0000000642400000| PB 0x0000000642400000| Untracked |  0
| 266|0x0000000642800000, 0x0000000642800000, 0x0000000642c00000|  0%| F|  |TAMS 0x0000000642800000| PB 0x0000000642800000| Untracked |  0
| 267|0x0000000642c00000, 0x0000000642c00000, 0x0000000643000000|  0%| F|  |TAMS 0x0000000642c00000| PB 0x0000000642c00000| Untracked |  0
| 268|0x0000000643000000, 0x0000000643000000, 0x0000000643400000|  0%| F|  |TAMS 0x0000000643000000| PB 0x0000000643000000| Untracked |  0
| 269|0x0000000643400000, 0x0000000643400000, 0x0000000643800000|  0%| F|  |TAMS 0x0000000643400000| PB 0x0000000643400000| Untracked |  0
| 270|0x0000000643800000, 0x0000000643800000, 0x0000000643c00000|  0%| F|  |TAMS 0x0000000643800000| PB 0x0000000643800000| Untracked |  0
| 271|0x0000000643c00000, 0x0000000643c00000, 0x0000000644000000|  0%| F|  |TAMS 0x0000000643c00000| PB 0x0000000643c00000| Untracked |  0
| 272|0x0000000644000000, 0x0000000644000000, 0x0000000644400000|  0%| F|  |TAMS 0x0000000644000000| PB 0x0000000644000000| Untracked |  0
| 273|0x0000000644400000, 0x0000000644400000, 0x0000000644800000|  0%| F|  |TAMS 0x0000000644400000| PB 0x0000000644400000| Untracked |  0
| 274|0x0000000644800000, 0x0000000644800000, 0x0000000644c00000|  0%| F|  |TAMS 0x0000000644800000| PB 0x0000000644800000| Untracked |  0
| 275|0x0000000644c00000, 0x0000000644c00000, 0x0000000645000000|  0%| F|  |TAMS 0x0000000644c00000| PB 0x0000000644c00000| Untracked |  0
| 276|0x0000000645000000, 0x0000000645000000, 0x0000000645400000|  0%| F|  |TAMS 0x0000000645000000| PB 0x0000000645000000| Untracked |  0
| 277|0x0000000645400000, 0x0000000645400000, 0x0000000645800000|  0%| F|  |TAMS 0x0000000645400000| PB 0x0000000645400000| Untracked |  0
| 278|0x0000000645800000, 0x0000000645800000, 0x0000000645c00000|  0%| F|  |TAMS 0x0000000645800000| PB 0x0000000645800000| Untracked |  0
| 279|0x0000000645c00000, 0x0000000645c00000, 0x0000000646000000|  0%| F|  |TAMS 0x0000000645c00000| PB 0x0000000645c00000| Untracked |  0
| 280|0x0000000646000000, 0x0000000646000000, 0x0000000646400000|  0%| F|  |TAMS 0x0000000646000000| PB 0x0000000646000000| Untracked |  0
| 281|0x0000000646400000, 0x0000000646400000, 0x0000000646800000|  0%| F|  |TAMS 0x0000000646400000| PB 0x0000000646400000| Untracked |  0
| 282|0x0000000646800000, 0x0000000646800000, 0x0000000646c00000|  0%| F|  |TAMS 0x0000000646800000| PB 0x0000000646800000| Untracked |  0
| 283|0x0000000646c00000, 0x0000000646c00000, 0x0000000647000000|  0%| F|  |TAMS 0x0000000646c00000| PB 0x0000000646c00000| Untracked |  0
| 284|0x0000000647000000, 0x0000000647000000, 0x0000000647400000|  0%| F|  |TAMS 0x0000000647000000| PB 0x0000000647000000| Untracked |  0
| 285|0x0000000647400000, 0x0000000647400000, 0x0000000647800000|  0%| F|  |TAMS 0x0000000647400000| PB 0x0000000647400000| Untracked |  0
| 286|0x0000000647800000, 0x0000000647800000, 0x0000000647c00000|  0%| F|  |TAMS 0x0000000647800000| PB 0x0000000647800000| Untracked |  0
| 287|0x0000000647c00000, 0x0000000647c00000, 0x0000000648000000|  0%| F|  |TAMS 0x0000000647c00000| PB 0x0000000647c00000| Untracked |  0
| 288|0x0000000648000000, 0x0000000648000000, 0x0000000648400000|  0%| F|  |TAMS 0x0000000648000000| PB 0x0000000648000000| Untracked |  0
| 289|0x0000000648400000, 0x0000000648400000, 0x0000000648800000|  0%| F|  |TAMS 0x0000000648400000| PB 0x0000000648400000| Untracked |  0
| 290|0x0000000648800000, 0x0000000648800000, 0x0000000648c00000|  0%| F|  |TAMS 0x0000000648800000| PB 0x0000000648800000| Untracked |  0
| 291|0x0000000648c00000, 0x0000000648c00000, 0x0000000649000000|  0%| F|  |TAMS 0x0000000648c00000| PB 0x0000000648c00000| Untracked |  0
| 292|0x0000000649000000, 0x0000000649000000, 0x0000000649400000|  0%| F|  |TAMS 0x0000000649000000| PB 0x0000000649000000| Untracked |  0
| 293|0x0000000649400000, 0x0000000649400000, 0x0000000649800000|  0%| F|  |TAMS 0x0000000649400000| PB 0x0000000649400000| Untracked |  0
| 294|0x0000000649800000, 0x0000000649800000, 0x0000000649c00000|  0%| F|  |TAMS 0x0000000649800000| PB 0x0000000649800000| Untracked |  0
| 295|0x0000000649c00000, 0x0000000649c00000, 0x000000064a000000|  0%| F|  |TAMS 0x0000000649c00000| PB 0x0000000649c00000| Untracked |  0
| 296|0x000000064a000000, 0x000000064a000000, 0x000000064a400000|  0%| F|  |TAMS 0x000000064a000000| PB 0x000000064a000000| Untracked |  0
| 297|0x000000064a400000, 0x000000064a400000, 0x000000064a800000|  0%| F|  |TAMS 0x000000064a400000| PB 0x000000064a400000| Untracked |  0
| 298|0x000000064a800000, 0x000000064a800000, 0x000000064ac00000|  0%| F|  |TAMS 0x000000064a800000| PB 0x000000064a800000| Untracked |  0
| 299|0x000000064ac00000, 0x000000064ac00000, 0x000000064b000000|  0%| F|  |TAMS 0x000000064ac00000| PB 0x000000064ac00000| Untracked |  0
| 300|0x000000064b000000, 0x000000064b000000, 0x000000064b400000|  0%| F|  |TAMS 0x000000064b000000| PB 0x000000064b000000| Untracked |  0
| 301|0x000000064b400000, 0x000000064b400000, 0x000000064b800000|  0%| F|  |TAMS 0x000000064b400000| PB 0x000000064b400000| Untracked |  0
| 302|0x000000064b800000, 0x000000064b800000, 0x000000064bc00000|  0%| F|  |TAMS 0x000000064b800000| PB 0x000000064b800000| Untracked |  0
| 303|0x000000064bc00000, 0x000000064bc00000, 0x000000064c000000|  0%| F|  |TAMS 0x000000064bc00000| PB 0x000000064bc00000| Untracked |  0
| 304|0x000000064c000000, 0x000000064c000000, 0x000000064c400000|  0%| F|  |TAMS 0x000000064c000000| PB 0x000000064c000000| Untracked |  0
| 305|0x000000064c400000, 0x000000064c400000, 0x000000064c800000|  0%| F|  |TAMS 0x000000064c400000| PB 0x000000064c400000| Untracked |  0
| 306|0x000000064c800000, 0x000000064c800000, 0x000000064cc00000|  0%| F|  |TAMS 0x000000064c800000| PB 0x000000064c800000| Untracked |  0
| 307|0x000000064cc00000, 0x000000064cc00000, 0x000000064d000000|  0%| F|  |TAMS 0x000000064cc00000| PB 0x000000064cc00000| Untracked |  0
| 308|0x000000064d000000, 0x000000064d000000, 0x000000064d400000|  0%| F|  |TAMS 0x000000064d000000| PB 0x000000064d000000| Untracked |  0
| 309|0x000000064d400000, 0x000000064d400000, 0x000000064d800000|  0%| F|  |TAMS 0x000000064d400000| PB 0x000000064d400000| Untracked |  0
| 310|0x000000064d800000, 0x000000064d800000, 0x000000064dc00000|  0%| F|  |TAMS 0x000000064d800000| PB 0x000000064d800000| Untracked |  0
| 311|0x000000064dc00000, 0x000000064dc00000, 0x000000064e000000|  0%| F|  |TAMS 0x000000064dc00000| PB 0x000000064dc00000| Untracked |  0
| 312|0x000000064e000000, 0x000000064e000000, 0x000000064e400000|  0%| F|  |TAMS 0x000000064e000000| PB 0x000000064e000000| Untracked |  0
| 313|0x000000064e400000, 0x000000064e400000, 0x000000064e800000|  0%| F|  |TAMS 0x000000064e400000| PB 0x000000064e400000| Untracked |  0
| 314|0x000000064e800000, 0x000000064e800000, 0x000000064ec00000|  0%| F|  |TAMS 0x000000064e800000| PB 0x000000064e800000| Untracked |  0
| 315|0x000000064ec00000, 0x000000064ec00000, 0x000000064f000000|  0%| F|  |TAMS 0x000000064ec00000| PB 0x000000064ec00000| Untracked |  0
| 316|0x000000064f000000, 0x000000064f000000, 0x000000064f400000|  0%| F|  |TAMS 0x000000064f000000| PB 0x000000064f000000| Untracked |  0
| 317|0x000000064f400000, 0x000000064f400000, 0x000000064f800000|  0%| F|  |TAMS 0x000000064f400000| PB 0x000000064f400000| Untracked |  0
| 318|0x000000064f800000, 0x000000064f800000, 0x000000064fc00000|  0%| F|  |TAMS 0x000000064f800000| PB 0x000000064f800000| Untracked |  0
| 319|0x000000064fc00000, 0x000000064fc00000, 0x0000000650000000|  0%| F|  |TAMS 0x000000064fc00000| PB 0x000000064fc00000| Untracked |  0
| 320|0x0000000650000000, 0x0000000650000000, 0x0000000650400000|  0%| F|  |TAMS 0x0000000650000000| PB 0x0000000650000000| Untracked |  0
| 321|0x0000000650400000, 0x0000000650400000, 0x0000000650800000|  0%| F|  |TAMS 0x0000000650400000| PB 0x0000000650400000| Untracked |  0
| 322|0x0000000650800000, 0x0000000650800000, 0x0000000650c00000|  0%| F|  |TAMS 0x0000000650800000| PB 0x0000000650800000| Untracked |  0
| 323|0x0000000650c00000, 0x0000000650c00000, 0x0000000651000000|  0%| F|  |TAMS 0x0000000650c00000| PB 0x0000000650c00000| Untracked |  0
| 324|0x0000000651000000, 0x0000000651000000, 0x0000000651400000|  0%| F|  |TAMS 0x0000000651000000| PB 0x0000000651000000| Untracked |  0
| 325|0x0000000651400000, 0x0000000651400000, 0x0000000651800000|  0%| F|  |TAMS 0x0000000651400000| PB 0x0000000651400000| Untracked |  0
| 326|0x0000000651800000, 0x0000000651800000, 0x0000000651c00000|  0%| F|  |TAMS 0x0000000651800000| PB 0x0000000651800000| Untracked |  0
| 327|0x0000000651c00000, 0x0000000651c00000, 0x0000000652000000|  0%| F|  |TAMS 0x0000000651c00000| PB 0x0000000651c00000| Untracked |  0
| 328|0x0000000652000000, 0x0000000652000000, 0x0000000652400000|  0%| F|  |TAMS 0x0000000652000000| PB 0x0000000652000000| Untracked |  0
| 329|0x0000000652400000, 0x0000000652400000, 0x0000000652800000|  0%| F|  |TAMS 0x0000000652400000| PB 0x0000000652400000| Untracked |  0
| 330|0x0000000652800000, 0x0000000652800000, 0x0000000652c00000|  0%| F|  |TAMS 0x0000000652800000| PB 0x0000000652800000| Untracked |  0
| 331|0x0000000652c00000, 0x0000000652c00000, 0x0000000653000000|  0%| F|  |TAMS 0x0000000652c00000| PB 0x0000000652c00000| Untracked |  0
| 332|0x0000000653000000, 0x0000000653000000, 0x0000000653400000|  0%| F|  |TAMS 0x0000000653000000| PB 0x0000000653000000| Untracked |  0
| 333|0x0000000653400000, 0x0000000653400000, 0x0000000653800000|  0%| F|  |TAMS 0x0000000653400000| PB 0x0000000653400000| Untracked |  0
| 334|0x0000000653800000, 0x0000000653800000, 0x0000000653c00000|  0%| F|  |TAMS 0x0000000653800000| PB 0x0000000653800000| Untracked |  0
| 335|0x0000000653c00000, 0x0000000653c00000, 0x0000000654000000|  0%| F|  |TAMS 0x0000000653c00000| PB 0x0000000653c00000| Untracked |  0
| 336|0x0000000654000000, 0x0000000654000000, 0x0000000654400000|  0%| F|  |TAMS 0x0000000654000000| PB 0x0000000654000000| Untracked |  0
| 337|0x0000000654400000, 0x0000000654400000, 0x0000000654800000|  0%| F|  |TAMS 0x0000000654400000| PB 0x0000000654400000| Untracked |  0
| 338|0x0000000654800000, 0x0000000654800000, 0x0000000654c00000|  0%| F|  |TAMS 0x0000000654800000| PB 0x0000000654800000| Untracked |  0
| 339|0x0000000654c00000, 0x0000000654c00000, 0x0000000655000000|  0%| F|  |TAMS 0x0000000654c00000| PB 0x0000000654c00000| Untracked |  0
| 340|0x0000000655000000, 0x0000000655000000, 0x0000000655400000|  0%| F|  |TAMS 0x0000000655000000| PB 0x0000000655000000| Untracked |  0
| 341|0x0000000655400000, 0x0000000655400000, 0x0000000655800000|  0%| F|  |TAMS 0x0000000655400000| PB 0x0000000655400000| Untracked |  0
| 342|0x0000000655800000, 0x0000000655800000, 0x0000000655c00000|  0%| F|  |TAMS 0x0000000655800000| PB 0x0000000655800000| Untracked |  0
| 343|0x0000000655c00000, 0x0000000655c00000, 0x0000000656000000|  0%| F|  |TAMS 0x0000000655c00000| PB 0x0000000655c00000| Untracked |  0
| 344|0x0000000656000000, 0x0000000656000000, 0x0000000656400000|  0%| F|  |TAMS 0x0000000656000000| PB 0x0000000656000000| Untracked |  0
| 345|0x0000000656400000, 0x0000000656400000, 0x0000000656800000|  0%| F|  |TAMS 0x0000000656400000| PB 0x0000000656400000| Untracked |  0
| 346|0x0000000656800000, 0x0000000656800000, 0x0000000656c00000|  0%| F|  |TAMS 0x0000000656800000| PB 0x0000000656800000| Untracked |  0
| 347|0x0000000656c00000, 0x0000000656c00000, 0x0000000657000000|  0%| F|  |TAMS 0x0000000656c00000| PB 0x0000000656c00000| Untracked |  0
| 348|0x0000000657000000, 0x0000000657000000, 0x0000000657400000|  0%| F|  |TAMS 0x0000000657000000| PB 0x0000000657000000| Untracked |  0
| 349|0x0000000657400000, 0x0000000657400000, 0x0000000657800000|  0%| F|  |TAMS 0x0000000657400000| PB 0x0000000657400000| Untracked |  0
| 350|0x0000000657800000, 0x0000000657800000, 0x0000000657c00000|  0%| F|  |TAMS 0x0000000657800000| PB 0x0000000657800000| Untracked |  0
| 351|0x0000000657c00000, 0x0000000657c00000, 0x0000000658000000|  0%| F|  |TAMS 0x0000000657c00000| PB 0x0000000657c00000| Untracked |  0
| 352|0x0000000658000000, 0x0000000658000000, 0x0000000658400000|  0%| F|  |TAMS 0x0000000658000000| PB 0x0000000658000000| Untracked |  0
| 353|0x0000000658400000, 0x0000000658400000, 0x0000000658800000|  0%| F|  |TAMS 0x0000000658400000| PB 0x0000000658400000| Untracked |  0
| 354|0x0000000658800000, 0x0000000658800000, 0x0000000658c00000|  0%| F|  |TAMS 0x0000000658800000| PB 0x0000000658800000| Untracked |  0
| 355|0x0000000658c00000, 0x0000000658c00000, 0x0000000659000000|  0%| F|  |TAMS 0x0000000658c00000| PB 0x0000000658c00000| Untracked |  0
| 356|0x0000000659000000, 0x0000000659000000, 0x0000000659400000|  0%| F|  |TAMS 0x0000000659000000| PB 0x0000000659000000| Untracked |  0
| 357|0x0000000659400000, 0x0000000659400000, 0x0000000659800000|  0%| F|  |TAMS 0x0000000659400000| PB 0x0000000659400000| Untracked |  0
| 358|0x0000000659800000, 0x0000000659800000, 0x0000000659c00000|  0%| F|  |TAMS 0x0000000659800000| PB 0x0000000659800000| Untracked |  0
| 359|0x0000000659c00000, 0x0000000659c00000, 0x000000065a000000|  0%| F|  |TAMS 0x0000000659c00000| PB 0x0000000659c00000| Untracked |  0
| 360|0x000000065a000000, 0x000000065a000000, 0x000000065a400000|  0%| F|  |TAMS 0x000000065a000000| PB 0x000000065a000000| Untracked |  0
| 361|0x000000065a400000, 0x000000065a400000, 0x000000065a800000|  0%| F|  |TAMS 0x000000065a400000| PB 0x000000065a400000| Untracked |  0
| 362|0x000000065a800000, 0x000000065a800000, 0x000000065ac00000|  0%| F|  |TAMS 0x000000065a800000| PB 0x000000065a800000| Untracked |  0
| 363|0x000000065ac00000, 0x000000065ac00000, 0x000000065b000000|  0%| F|  |TAMS 0x000000065ac00000| PB 0x000000065ac00000| Untracked |  0
| 364|0x000000065b000000, 0x000000065b000000, 0x000000065b400000|  0%| F|  |TAMS 0x000000065b000000| PB 0x000000065b000000| Untracked |  0
| 365|0x000000065b400000, 0x000000065b400000, 0x000000065b800000|  0%| F|  |TAMS 0x000000065b400000| PB 0x000000065b400000| Untracked |  0
| 366|0x000000065b800000, 0x000000065b800000, 0x000000065bc00000|  0%| F|  |TAMS 0x000000065b800000| PB 0x000000065b800000| Untracked |  0
| 367|0x000000065bc00000, 0x000000065bc00000, 0x000000065c000000|  0%| F|  |TAMS 0x000000065bc00000| PB 0x000000065bc00000| Untracked |  0
| 368|0x000000065c000000, 0x000000065c000000, 0x000000065c400000|  0%| F|  |TAMS 0x000000065c000000| PB 0x000000065c000000| Untracked |  0
| 369|0x000000065c400000, 0x000000065c400000, 0x000000065c800000|  0%| F|  |TAMS 0x000000065c400000| PB 0x000000065c400000| Untracked |  0
| 370|0x000000065c800000, 0x000000065c800000, 0x000000065cc00000|  0%| F|  |TAMS 0x000000065c800000| PB 0x000000065c800000| Untracked |  0
| 371|0x000000065cc00000, 0x000000065cc00000, 0x000000065d000000|  0%| F|  |TAMS 0x000000065cc00000| PB 0x000000065cc00000| Untracked |  0
| 372|0x000000065d000000, 0x000000065d000000, 0x000000065d400000|  0%| F|  |TAMS 0x000000065d000000| PB 0x000000065d000000| Untracked |  0
| 373|0x000000065d400000, 0x000000065d400000, 0x000000065d800000|  0%| F|  |TAMS 0x000000065d400000| PB 0x000000065d400000| Untracked |  0
| 374|0x000000065d800000, 0x000000065d800000, 0x000000065dc00000|  0%| F|  |TAMS 0x000000065d800000| PB 0x000000065d800000| Untracked |  0
| 375|0x000000065dc00000, 0x000000065dc00000, 0x000000065e000000|  0%| F|  |TAMS 0x000000065dc00000| PB 0x000000065dc00000| Untracked |  0
| 376|0x000000065e000000, 0x000000065e000000, 0x000000065e400000|  0%| F|  |TAMS 0x000000065e000000| PB 0x000000065e000000| Untracked |  0
| 377|0x000000065e400000, 0x000000065e400000, 0x000000065e800000|  0%| F|  |TAMS 0x000000065e400000| PB 0x000000065e400000| Untracked |  0
| 378|0x000000065e800000, 0x000000065e800000, 0x000000065ec00000|  0%| F|  |TAMS 0x000000065e800000| PB 0x000000065e800000| Untracked |  0
| 379|0x000000065ec00000, 0x000000065ec00000, 0x000000065f000000|  0%| F|  |TAMS 0x000000065ec00000| PB 0x000000065ec00000| Untracked |  0
| 380|0x000000065f000000, 0x000000065f000000, 0x000000065f400000|  0%| F|  |TAMS 0x000000065f000000| PB 0x000000065f000000| Untracked |  0
| 381|0x000000065f400000, 0x000000065f400000, 0x000000065f800000|  0%| F|  |TAMS 0x000000065f400000| PB 0x000000065f400000| Untracked |  0
| 382|0x000000065f800000, 0x000000065f800000, 0x000000065fc00000|  0%| F|  |TAMS 0x000000065f800000| PB 0x000000065f800000| Untracked |  0
| 383|0x000000065fc00000, 0x000000065fc00000, 0x0000000660000000|  0%| F|  |TAMS 0x000000065fc00000| PB 0x000000065fc00000| Untracked |  0
| 384|0x0000000660000000, 0x0000000660000000, 0x0000000660400000|  0%| F|  |TAMS 0x0000000660000000| PB 0x0000000660000000| Untracked |  0
| 385|0x0000000660400000, 0x0000000660400000, 0x0000000660800000|  0%| F|  |TAMS 0x0000000660400000| PB 0x0000000660400000| Untracked |  0
| 386|0x0000000660800000, 0x0000000660800000, 0x0000000660c00000|  0%| F|  |TAMS 0x0000000660800000| PB 0x0000000660800000| Untracked |  0
| 387|0x0000000660c00000, 0x0000000660c00000, 0x0000000661000000|  0%| F|  |TAMS 0x0000000660c00000| PB 0x0000000660c00000| Untracked |  0
| 388|0x0000000661000000, 0x0000000661000000, 0x0000000661400000|  0%| F|  |TAMS 0x0000000661000000| PB 0x0000000661000000| Untracked |  0
| 389|0x0000000661400000, 0x0000000661400000, 0x0000000661800000|  0%| F|  |TAMS 0x0000000661400000| PB 0x0000000661400000| Untracked |  0
| 390|0x0000000661800000, 0x0000000661800000, 0x0000000661c00000|  0%| F|  |TAMS 0x0000000661800000| PB 0x0000000661800000| Untracked |  0
| 391|0x0000000661c00000, 0x0000000661c00000, 0x0000000662000000|  0%| F|  |TAMS 0x0000000661c00000| PB 0x0000000661c00000| Untracked |  0
| 392|0x0000000662000000, 0x0000000662000000, 0x0000000662400000|  0%| F|  |TAMS 0x0000000662000000| PB 0x0000000662000000| Untracked |  0
| 393|0x0000000662400000, 0x0000000662400000, 0x0000000662800000|  0%| F|  |TAMS 0x0000000662400000| PB 0x0000000662400000| Untracked |  0
| 394|0x0000000662800000, 0x0000000662800000, 0x0000000662c00000|  0%| F|  |TAMS 0x0000000662800000| PB 0x0000000662800000| Untracked |  0
| 395|0x0000000662c00000, 0x0000000662c00000, 0x0000000663000000|  0%| F|  |TAMS 0x0000000662c00000| PB 0x0000000662c00000| Untracked |  0
| 396|0x0000000663000000, 0x0000000663000000, 0x0000000663400000|  0%| F|  |TAMS 0x0000000663000000| PB 0x0000000663000000| Untracked |  0
| 397|0x0000000663400000, 0x0000000663400000, 0x0000000663800000|  0%| F|  |TAMS 0x0000000663400000| PB 0x0000000663400000| Untracked |  0
| 398|0x0000000663800000, 0x0000000663800000, 0x0000000663c00000|  0%| F|  |TAMS 0x0000000663800000| PB 0x0000000663800000| Untracked |  0
| 399|0x0000000663c00000, 0x0000000663c00000, 0x0000000664000000|  0%| F|  |TAMS 0x0000000663c00000| PB 0x0000000663c00000| Untracked |  0
| 400|0x0000000664000000, 0x0000000664400000, 0x0000000664400000|100%| S|CS|TAMS 0x0000000664000000| PB 0x0000000664000000| Complete |  0
| 401|0x0000000664400000, 0x0000000664800000, 0x0000000664800000|100%| S|CS|TAMS 0x0000000664400000| PB 0x0000000664400000| Complete |  0
| 402|0x0000000664800000, 0x0000000664c00000, 0x0000000664c00000|100%| S|CS|TAMS 0x0000000664800000| PB 0x0000000664800000| Complete |  0
| 403|0x0000000664c00000, 0x0000000664c00000, 0x0000000665000000|  0%| F|  |TAMS 0x0000000664c00000| PB 0x0000000664c00000| Untracked |  0
| 404|0x0000000665000000, 0x0000000665000000, 0x0000000665400000|  0%| F|  |TAMS 0x0000000665000000| PB 0x0000000665000000| Untracked |  0
| 405|0x0000000665400000, 0x0000000665400000, 0x0000000665800000|  0%| F|  |TAMS 0x0000000665400000| PB 0x0000000665400000| Untracked |  0
| 406|0x0000000665800000, 0x0000000665800000, 0x0000000665c00000|  0%| F|  |TAMS 0x0000000665800000| PB 0x0000000665800000| Untracked |  0
| 407|0x0000000665c00000, 0x0000000665c00000, 0x0000000666000000|  0%| F|  |TAMS 0x0000000665c00000| PB 0x0000000665c00000| Untracked |  0
| 408|0x0000000666000000, 0x0000000666000000, 0x0000000666400000|  0%| F|  |TAMS 0x0000000666000000| PB 0x0000000666000000| Untracked |  0
| 409|0x0000000666400000, 0x0000000666400000, 0x0000000666800000|  0%| F|  |TAMS 0x0000000666400000| PB 0x0000000666400000| Untracked |  0
| 410|0x0000000666800000, 0x0000000666800000, 0x0000000666c00000|  0%| F|  |TAMS 0x0000000666800000| PB 0x0000000666800000| Untracked |  0
| 411|0x0000000666c00000, 0x0000000666c00000, 0x0000000667000000|  0%| F|  |TAMS 0x0000000666c00000| PB 0x0000000666c00000| Untracked |  0
| 412|0x0000000667000000, 0x0000000667000000, 0x0000000667400000|  0%| F|  |TAMS 0x0000000667000000| PB 0x0000000667000000| Untracked |  0
| 413|0x0000000667400000, 0x0000000667400000, 0x0000000667800000|  0%| F|  |TAMS 0x0000000667400000| PB 0x0000000667400000| Untracked |  0
| 414|0x0000000667800000, 0x0000000667800000, 0x0000000667c00000|  0%| F|  |TAMS 0x0000000667800000| PB 0x0000000667800000| Untracked |  0
| 415|0x0000000667c00000, 0x0000000667c00000, 0x0000000668000000|  0%| F|  |TAMS 0x0000000667c00000| PB 0x0000000667c00000| Untracked |  0
| 416|0x0000000668000000, 0x0000000668280b50, 0x0000000668400000| 62%| E|  |TAMS 0x0000000668000000| PB 0x0000000668000000| Complete |  0
| 417|0x0000000668400000, 0x0000000668800000, 0x0000000668800000|100%| E|CS|TAMS 0x0000000668400000| PB 0x0000000668400000| Complete |  0
| 418|0x0000000668800000, 0x0000000668c00000, 0x0000000668c00000|100%| E|CS|TAMS 0x0000000668800000| PB 0x0000000668800000| Complete |  0
| 419|0x0000000668c00000, 0x0000000669000000, 0x0000000669000000|100%| E|CS|TAMS 0x0000000668c00000| PB 0x0000000668c00000| Complete |  0
|2043|0x00000007fec00000, 0x00000007ff000000, 0x00000007ff000000|100%| E|CS|TAMS 0x00000007fec00000| PB 0x00000007fec00000| Complete |  0
|2044|0x00000007ff000000, 0x00000007ff400000, 0x00000007ff400000|100%| E|CS|TAMS 0x00000007ff000000| PB 0x00000007ff000000| Complete |  0
|2045|0x00000007ff400000, 0x00000007ff800000, 0x00000007ff800000|100%| E|CS|TAMS 0x00000007ff400000| PB 0x00000007ff400000| Complete |  0
|2046|0x00000007ff800000, 0x00000007ffc00000, 0x00000007ffc00000|100%| O|  |TAMS 0x00000007ff800000| PB 0x00000007ff800000| Untracked |  0
|2047|0x00000007ffc00000, 0x0000000800000000, 0x0000000800000000|100%| E|CS|TAMS 0x00000007ffc00000| PB 0x00000007ffc00000| Complete |  0

Card table byte_map: [0x00000197e90a0000,0x00000197ea0a0000] _byte_map_base: 0x00000197e60a0000

Marking Bits: (CMBitMap*) 0x00000197df6baf10
 Bits: [0x00000197ea0a0000, 0x00000197f20a0000)

Polling page: 0x00000197dd620000

Metaspace:
Metaspace        used 189517K, committed 192384K, reserved 1245184K
 class space     used 19838K, committed 21184K, reserved 1048576K

Usage:
  Non-class:    165.70 MB used.
      Class:     19.37 MB used.
       Both:    185.08 MB used.

Virtual space:
  Non-class space:      192.00 MB reserved,     167.19 MB ( 87%) committed,  3 nodes.
      Class space:        1.00 GB reserved,      20.69 MB (  2%) committed,  1 nodes.
             Both:        1.19 GB reserved,     187.88 MB ( 15%) committed. 

Chunk freelists:
   Non-Class:  8.59 MB
       Class:  11.27 MB
        Both:  19.86 MB

MaxMetaspaceSize: 4.00 GB
CompressedClassSpaceSize: 1.00 GB
Initial GC threshold: 21.00 MB
Current GC threshold: 252.19 MB
CDS: on
 - commit_granule_bytes: 65536.
 - commit_granule_words: 8192.
 - virtual_space_node_default_size: 8388608.
 - enlarge_chunks_in_place: 1.
UseCompressedClassPointers 1, UseCompactObjectHeaders 0
Narrow klass pointer bits 32, Max shift 3
Narrow klass base: 0x0000000015000000, Narrow klass shift: 0
Encoding Range: [0x0000000015000000 - 0x0000000115000000), (4294967296 bytes)
Klass Range:    [0x0000000015010000 - 0x0000000056000000), (1090453504 bytes)
Klass ID Range:  [65536 - 1090519033) (1090453497)
Protection zone: [0x0000000015000000 - 0x0000000015010000), (65536 bytes)


Internal statistics:

num_allocs_failed_limit: 6.
num_arena_births: 4814.
num_arena_deaths: 16.
num_vsnodes_births: 4.
num_vsnodes_deaths: 0.
num_space_committed: 3005.
num_space_uncommitted: 0.
num_chunks_returned_to_freelist: 42.
num_chunks_taken_from_freelist: 12546.
num_chunk_merges: 6.
num_chunk_splits: 9035.
num_chunks_enlarged: 6723.
num_inconsistent_stats: 0.

CodeHeap 'non-profiled nmethods': size=259328Kb used=15232Kb max_used=15232Kb free=244095Kb
 bounds [0x00000197902c0000, 0x00000197911b0000, 0x00000197a0000000]
CodeHeap 'profiled nmethods': size=259264Kb used=61969Kb max_used=61969Kb free=197294Kb
 bounds [0x0000019780000000, 0x0000019783c90000, 0x000001978fd30000]
CodeHeap 'non-nmethods': size=5696Kb used=2390Kb max_used=2543Kb free=3305Kb
 bounds [0x000001978fd30000, 0x000001978ffc0000, 0x00000197902c0000]
CodeCache: size=524288Kb, used=79591Kb, max_used=79744Kb, free=444694Kb
 total_blobs=31712, nmethods=30507, adapters=1103, full_count=0
Compilation: enabled, stopped_count=0, restarted_count=0

Compilation events (20 events):
Event: 512.652 Thread 0x00000197f223fe10 nmethod 34070 0x0000019783c77f08 code [0x0000019783c78000, 0x0000019783c780e8]
Event: 512.664 Thread 0x00000197f223fe10 34071       3       org.jetbrains.kotlin.com.intellij.psi.impl.source.tree.LazyParseablePsiElement::<init> (20 bytes)
Event: 512.679 Thread 0x00000197f223fe10 nmethod 34071 0x0000019783c78208 code [0x0000019783c78300, 0x0000019783c78d00]
Event: 512.772 Thread 0x00000197f2237200 34072       4       org.jetbrains.kotlin.com.intellij.psi.impl.source.tree.LeafElement::getTextLength (10 bytes)
Event: 512.773 Thread 0x00000197f2237200 nmethod 34072 0x000001979119f788 code [0x000001979119f880, 0x000001979119f958]
Event: 512.785 Thread 0x00000197f2237200 34073       4       org.jetbrains.kotlin.com.intellij.lexer.FlexAdapter::getTokenStart (9 bytes)
Event: 512.785 Thread 0x00000197f223fe10 34074       3       org.jetbrains.kotlin.parsing.KotlinExpressionParsing::parseLocalDeclaration (79 bytes)
Event: 512.862 Thread 0x00000197f223fe10 nmethod 34074 0x0000019783c78d88 code [0x0000019783c78e80, 0x0000019783c796f8]
Event: 512.862 Thread 0x00000197f223fe10 34075       3       org.jetbrains.kotlin.parsing.KotlinParsing$ModifierDetector::<init> (15 bytes)
Event: 512.863 Thread 0x00000197f223fe10 nmethod 34075 0x0000019783c79708 code [0x0000019783c79800, 0x0000019783c79968]
Event: 512.863 Thread 0x00000197f223fe10 34076       3       org.jetbrains.kotlin.parsing.KotlinParsing::parseCommonDeclaration (215 bytes)
Event: 512.867 Thread 0x00000197f2237200 nmethod 34073 0x000001979119fa88 code [0x000001979119fb80, 0x000001979119fe68]
Event: 512.867 Thread 0x00000197f2237200 34078       4       org.jetbrains.kotlin.parsing.SemanticWhitespaceAwarePsiBuilderImpl::newlineBeforeCurrentToken (190 bytes)
Event: 512.907 Thread 0x00000197f223fe10 nmethod 34076 0x0000019783c79a08 code [0x0000019783c79b00, 0x0000019783c7ad40]
Event: 512.916 Thread 0x00000197f223fe10 34083   !   3       org.jetbrains.kotlin.com.intellij.psi.impl.source.tree.LazyParseableElement::<init> (98 bytes)
Event: 512.941 Thread 0x00000197f223fe10 nmethod 34083 0x0000019783c7ad88 code [0x0000019783c7ae80, 0x0000019783c7c840]
Event: 512.952 Thread 0x00000197f223fe10 34084       3       jdk.internal.misc.Unsafe::bool2byte (10 bytes)
Event: 512.952 Thread 0x00000197f223fe10 nmethod 34084 0x0000019783c7c888 code [0x0000019783c7c980, 0x0000019783c7cad8]
Event: 512.963 Thread 0x00000197f223fe10 34085       3       kotlin.script.experimental.util.PropertiesCollection$Key::equals (26 bytes)
Event: 512.964 Thread 0x00000197f223fe10 nmethod 34085 0x0000019783c7cb88 code [0x0000019783c7cc80, 0x0000019783c7d0a8]

GC Heap Usage History (20 events):
Event: 433.452 {heap Before GC invocations=81 (full 0):
 garbage-first heap   total reserved 8388608K, committed 1011712K, used 618284K [0x0000000600000000, 0x0000000800000000)
  region size 4096K, 51 young (208896K), 2 survivors (8192K)
}
Event: 433.474 {heap After GC invocations=82 (full 0):
 garbage-first heap   total reserved 8388608K, committed 1011712K, used 433505K [0x0000000600000000, 0x0000000800000000)
  region size 4096K, 5 young (20480K), 5 survivors (20480K)
}
Event: 440.455 {heap Before GC invocations=82 (full 0):
 garbage-first heap   total reserved 8388608K, committed 1011712K, used 650593K [0x0000000600000000, 0x0000000800000000)
  region size 4096K, 58 young (237568K), 5 survivors (20480K)
}
Event: 440.503 {heap After GC invocations=83 (full 0):
 garbage-first heap   total reserved 8388608K, committed 1011712K, used 443610K [0x0000000600000000, 0x0000000800000000)
  region size 4096K, 7 young (28672K), 7 survivors (28672K)
}
Event: 453.525 {heap Before GC invocations=83 (full 0):
 garbage-first heap   total reserved 8388608K, committed 1011712K, used 705754K [0x0000000600000000, 0x0000000800000000)
  region size 4096K, 72 young (294912K), 7 survivors (28672K)
}
Event: 453.815 {heap After GC invocations=84 (full 0):
 garbage-first heap   total reserved 8388608K, committed 1011712K, used 507904K [0x0000000600000000, 0x0000000800000000)
  region size 4096K, 9 young (36864K), 9 survivors (36864K)
}
Event: 454.270 {heap Before GC invocations=84 (full 0):
 garbage-first heap   total reserved 8388608K, committed 1011712K, used 520192K [0x0000000600000000, 0x0000000800000000)
  region size 4096K, 12 young (49152K), 9 survivors (36864K)
}
Event: 454.389 {heap After GC invocations=85 (full 0):
 garbage-first heap   total reserved 8388608K, committed 1011712K, used 517076K [0x0000000600000000, 0x0000000800000000)
  region size 4096K, 2 young (8192K), 2 survivors (8192K)
}
Event: 464.836 {heap Before GC invocations=85 (full 0):
 garbage-first heap   total reserved 8388608K, committed 1011712K, used 717780K [0x0000000600000000, 0x0000000800000000)
  region size 4096K, 52 young (212992K), 2 survivors (8192K)
}
Event: 464.869 {heap After GC invocations=86 (full 0):
 garbage-first heap   total reserved 8388608K, committed 1740800K, used 525750K [0x0000000600000000, 0x0000000800000000)
  region size 4096K, 4 young (16384K), 4 survivors (16384K)
}
Event: 477.411 {heap Before GC invocations=86 (full 0):
 garbage-first heap   total reserved 8388608K, committed 1740800K, used 783798K [0x0000000600000000, 0x0000000800000000)
  region size 4096K, 68 young (278528K), 4 survivors (16384K)
}
Event: 478.085 {heap After GC invocations=87 (full 0):
 garbage-first heap   total reserved 8388608K, committed 1740800K, used 610960K [0x0000000600000000, 0x0000000800000000)
  region size 4096K, 9 young (36864K), 9 survivors (36864K)
}
Event: 492.894 {heap Before GC invocations=87 (full 0):
 garbage-first heap   total reserved 8388608K, committed 1740800K, used 656016K [0x0000000600000000, 0x0000000800000000)
  region size 4096K, 21 young (86016K), 9 survivors (36864K)
}
Event: 493.016 {heap After GC invocations=88 (full 0):
 garbage-first heap   total reserved 8388608K, committed 1740800K, used 634880K [0x0000000600000000, 0x0000000800000000)
  region size 4096K, 3 young (12288K), 3 survivors (12288K)
}
Event: 494.622 {heap Before GC invocations=88 (full 0):
 garbage-first heap   total reserved 8388608K, committed 1740800K, used 761856K [0x0000000600000000, 0x0000000800000000)
  region size 4096K, 34 young (139264K), 3 survivors (12288K)
}
Event: 494.833 {heap After GC invocations=89 (full 0):
 garbage-first heap   total reserved 8388608K, committed 1740800K, used 686080K [0x0000000600000000, 0x0000000800000000)
  region size 4096K, 5 young (20480K), 5 survivors (20480K)
}
Event: 508.167 {heap Before GC invocations=89 (full 0):
 garbage-first heap   total reserved 8388608K, committed 1740800K, used 759808K [0x0000000600000000, 0x0000000800000000)
  region size 4096K, 23 young (94208K), 5 survivors (20480K)
}
Event: 508.757 {heap After GC invocations=90 (full 0):
 garbage-first heap   total reserved 8388608K, committed 1740800K, used 708372K [0x0000000600000000, 0x0000000800000000)
  region size 4096K, 3 young (12288K), 3 survivors (12288K)
}
Event: 511.336 {heap Before GC invocations=90 (full 0):
 garbage-first heap   total reserved 8388608K, committed 1740800K, used 778004K [0x0000000600000000, 0x0000000800000000)
  region size 4096K, 21 young (86016K), 3 survivors (12288K)
}
Event: 512.190 {heap After GC invocations=91 (full 0):
 garbage-first heap   total reserved 8388608K, committed 1740800K, used 744325K [0x0000000600000000, 0x0000000800000000)
  region size 4096K, 3 young (12288K), 3 survivors (12288K)
}

Metaspace Usage History (20 events):
Event: 433.452 {metaspace Before GC invocations=81 (full 0):
 Metaspace       used 187905K, committed 190720K, reserved 1245184K
  class space    used 19733K, committed 21056K, reserved 1048576K
}
Event: 433.474 {metaspace After GC invocations=82 (full 0):
 Metaspace       used 187905K, committed 190720K, reserved 1245184K
  class space    used 19733K, committed 21056K, reserved 1048576K
}
Event: 440.455 {metaspace Before GC invocations=82 (full 0):
 Metaspace       used 188154K, committed 190912K, reserved 1245184K
  class space    used 19757K, committed 21056K, reserved 1048576K
}
Event: 440.503 {metaspace After GC invocations=83 (full 0):
 Metaspace       used 188154K, committed 190912K, reserved 1245184K
  class space    used 19757K, committed 21056K, reserved 1048576K
}
Event: 453.525 {metaspace Before GC invocations=83 (full 0):
 Metaspace       used 188634K, committed 191488K, reserved 1245184K
  class space    used 19798K, committed 21120K, reserved 1048576K
}
Event: 453.815 {metaspace After GC invocations=84 (full 0):
 Metaspace       used 188634K, committed 191488K, reserved 1245184K
  class space    used 19798K, committed 21120K, reserved 1048576K
}
Event: 454.270 {metaspace Before GC invocations=84 (full 0):
 Metaspace       used 188661K, committed 191488K, reserved 1245184K
  class space    used 19798K, committed 21120K, reserved 1048576K
}
Event: 454.389 {metaspace After GC invocations=85 (full 0):
 Metaspace       used 188661K, committed 191488K, reserved 1245184K
  class space    used 19798K, committed 21120K, reserved 1048576K
}
Event: 464.836 {metaspace Before GC invocations=85 (full 0):
 Metaspace       used 188788K, committed 191616K, reserved 1245184K
  class space    used 19805K, committed 21120K, reserved 1048576K
}
Event: 464.869 {metaspace After GC invocations=86 (full 0):
 Metaspace       used 188788K, committed 191616K, reserved 1245184K
  class space    used 19805K, committed 21120K, reserved 1048576K
}
Event: 477.411 {metaspace Before GC invocations=86 (full 0):
 Metaspace       used 189039K, committed 191872K, reserved 1245184K
  class space    used 19812K, committed 21120K, reserved 1048576K
}
Event: 478.085 {metaspace After GC invocations=87 (full 0):
 Metaspace       used 189039K, committed 191872K, reserved 1245184K
  class space    used 19812K, committed 21120K, reserved 1048576K
}
Event: 492.894 {metaspace Before GC invocations=87 (full 0):
 Metaspace       used 189357K, committed 192256K, reserved 1245184K
  class space    used 19832K, committed 21184K, reserved 1048576K
}
Event: 493.016 {metaspace After GC invocations=88 (full 0):
 Metaspace       used 189357K, committed 192256K, reserved 1245184K
  class space    used 19832K, committed 21184K, reserved 1048576K
}
Event: 494.622 {metaspace Before GC invocations=88 (full 0):
 Metaspace       used 189388K, committed 192256K, reserved 1245184K
  class space    used 19832K, committed 21184K, reserved 1048576K
}
Event: 494.833 {metaspace After GC invocations=89 (full 0):
 Metaspace       used 189388K, committed 192256K, reserved 1245184K
  class space    used 19832K, committed 21184K, reserved 1048576K
}
Event: 508.167 {metaspace Before GC invocations=89 (full 0):
 Metaspace       used 189483K, committed 192384K, reserved 1245184K
  class space    used 19837K, committed 21184K, reserved 1048576K
}
Event: 508.757 {metaspace After GC invocations=90 (full 0):
 Metaspace       used 189483K, committed 192384K, reserved 1245184K
  class space    used 19837K, committed 21184K, reserved 1048576K
}
Event: 511.336 {metaspace Before GC invocations=90 (full 0):
 Metaspace       used 189483K, committed 192384K, reserved 1245184K
  class space    used 19837K, committed 21184K, reserved 1048576K
}
Event: 512.190 {metaspace After GC invocations=91 (full 0):
 Metaspace       used 189483K, committed 192384K, reserved 1245184K
  class space    used 19837K, committed 21184K, reserved 1048576K
}

Dll operation events (14 events):
Event: 0.140 Loaded shared library C:\Program Files\Java\jdk-25\bin\java.dll
Event: 0.700 Loaded shared library C:\Program Files\Java\jdk-25\bin\zip.dll
Event: 0.704 Loaded shared library C:\Program Files\Java\jdk-25\bin\instrument.dll
Event: 0.721 Loaded shared library C:\Program Files\Java\jdk-25\bin\net.dll
Event: 0.726 Loaded shared library C:\Program Files\Java\jdk-25\bin\nio.dll
Event: 0.774 Loaded shared library C:\Program Files\Java\jdk-25\bin\zip.dll
Event: 2.687 Loaded shared library C:\Program Files\Java\jdk-25\bin\jimage.dll
Event: 5.067 Loaded shared library C:\Program Files\Java\jdk-25\bin\verify.dll
Event: 5.440 Loaded shared library C:\Users\Lenovo\.gradle\native\1def1411415f61bf3af743bc5b6707747c0891f09f0c88961ee8f79bc544acac\windows-amd64\native-platform.dll
Event: 5.599 Loaded shared library C:\Users\Lenovo\.gradle\native\0.2.8\x86_64-windows-gnu\gradle-fileevents.dll
Event: 15.400 Loaded shared library C:\Program Files\Java\jdk-25\bin\management.dll
Event: 15.432 Loaded shared library C:\Program Files\Java\jdk-25\bin\management_ext.dll
Event: 16.328 Loaded shared library C:\Program Files\Java\jdk-25\bin\extnet.dll
Event: 17.903 Loaded shared library C:\Program Files\Java\jdk-25\bin\sunmscapi.dll

Deoptimization events (20 events):
Event: 483.070 Thread 0x00000197fa951a30 Uncommon trap: trap_request=0xffffffc6 fr.pc=0x000001979109d934 relative=0x0000000000000cb4
Event: 483.070 Thread 0x00000197fa951a30 Uncommon trap: reason=bimorphic_or_optimized_type_check action=maybe_recompile pc=0x000001979109d934 method=kotlin.collections.CollectionsKt___CollectionsKt.toSet(Ljava/lang/Iterable;)Ljava/util/Set; @ 74 c2
Event: 483.070 Thread 0x00000197fa951a30 DEOPT PACKING pc=0x000001979109d934 sp=0x000000620b6f8b00
Event: 483.070 Thread 0x00000197fa951a30 DEOPT UNPACKING pc=0x000001978fdb9402 sp=0x000000620b6f8ad0 mode 2
Event: 494.220 Thread 0x00000197fa951a30 Uncommon trap: trap_request=0xffffff5e fr.pc=0x0000019791120980 relative=0x0000000000000180
Event: 494.220 Thread 0x00000197fa951a30 Uncommon trap: reason=speculate_class_check action=maybe_recompile pc=0x0000019791120980 method=org.jetbrains.kotlin.fir.types.ConeAttributes.remove(Lkotlin/reflect/KClass;)Lorg/jetbrains/kotlin/fir/types/ConeAttributes; @ 46 c2
Event: 494.220 Thread 0x00000197fa951a30 DEOPT PACKING pc=0x0000019791120980 sp=0x000000620b6ef4c0
Event: 494.220 Thread 0x00000197fa951a30 DEOPT UNPACKING pc=0x000001978fdb9402 sp=0x000000620b6ef410 mode 2
Event: 494.471 Thread 0x00000197fa951a30 Uncommon trap: trap_request=0xffffff5e fr.pc=0x0000019791120980 relative=0x0000000000000180
Event: 494.471 Thread 0x00000197fa951a30 Uncommon trap: reason=speculate_class_check action=maybe_recompile pc=0x0000019791120980 method=org.jetbrains.kotlin.fir.types.ConeAttributes.remove(Lkotlin/reflect/KClass;)Lorg/jetbrains/kotlin/fir/types/ConeAttributes; @ 46 c2
Event: 494.471 Thread 0x00000197fa951a30 DEOPT PACKING pc=0x0000019791120980 sp=0x000000620b6efa50
Event: 494.471 Thread 0x00000197fa951a30 DEOPT UNPACKING pc=0x000001978fdb9402 sp=0x000000620b6ef9a0 mode 2
Event: 494.536 Thread 0x00000197fa951a30 Uncommon trap: trap_request=0xffffff5e fr.pc=0x0000019791120980 relative=0x0000000000000180
Event: 494.536 Thread 0x00000197fa951a30 Uncommon trap: reason=speculate_class_check action=maybe_recompile pc=0x0000019791120980 method=org.jetbrains.kotlin.fir.types.ConeAttributes.remove(Lkotlin/reflect/KClass;)Lorg/jetbrains/kotlin/fir/types/ConeAttributes; @ 46 c2
Event: 494.536 Thread 0x00000197fa951a30 DEOPT PACKING pc=0x0000019791120980 sp=0x000000620b6ef4c0
Event: 494.536 Thread 0x00000197fa951a30 DEOPT UNPACKING pc=0x000001978fdb9402 sp=0x000000620b6ef410 mode 2
Event: 504.688 Thread 0x00000197fa951a30 Uncommon trap: trap_request=0xfffffff4 fr.pc=0x000001979118f564 relative=0x00000000000006e4
Event: 504.688 Thread 0x00000197fa951a30 Uncommon trap: reason=null_check action=make_not_entrant pc=0x000001979118f564 method=org.gradle.api.internal.provider.DefaultPropertyFactory.property(Ljava/lang/Class;)Lorg/gradle/api/internal/provider/DefaultProperty; @ 84 c2
Event: 504.688 Thread 0x00000197fa951a30 DEOPT PACKING pc=0x000001979118f564 sp=0x000000620b6f75b0
Event: 504.688 Thread 0x00000197fa951a30 DEOPT UNPACKING pc=0x000001978fdb9402 sp=0x000000620b6f7548 mode 2

Classes loaded (20 events):
Event: 405.497 Loading class java/lang/EnumBeanInfo
Event: 405.497 Loading class java/lang/EnumBeanInfo done
Event: 405.497 Loading class java/lang/EnumBeanInfo
Event: 405.497 Loading class java/lang/EnumBeanInfo done
Event: 405.497 Loading class java/lang/EnumCustomizer
Event: 405.497 Loading class java/lang/EnumCustomizer done
Event: 405.498 Loading class java/lang/EnumCustomizer
Event: 405.498 Loading class java/lang/EnumCustomizer done
Event: 406.803 Loading class java/beans/IntrospectionException
Event: 406.803 Loading class java/beans/IntrospectionException done
Event: 441.100 Loading class java/lang/BooleanBeanInfo
Event: 441.104 Loading class java/lang/BooleanBeanInfo done
Event: 441.324 Loading class java/lang/BooleanBeanInfo
Event: 441.324 Loading class java/lang/BooleanBeanInfo done
Event: 441.324 Loading class java/lang/BooleanCustomizer
Event: 441.324 Loading class java/lang/BooleanCustomizer done
Event: 441.325 Loading class java/lang/BooleanCustomizer
Event: 441.325 Loading class java/lang/BooleanCustomizer done
Event: 441.325 Loading class jdk/internal/ValueBased
Event: 441.327 Loading class jdk/internal/ValueBased done

Classes unloaded (20 events):
Event: 87.341 Thread 0x00000197f22155d0 Unloading class 0x0000000016627000 '_BuildScript_'
Event: 87.341 Thread 0x00000197f22155d0 Unloading class 0x00000000166213f8 '_BuildScript_$_run_closure1$_closure2$_closure3$_closure4'
Event: 87.341 Thread 0x00000197f22155d0 Unloading class 0x0000000016621000 '_BuildScript_$_run_closure1$_closure2$_closure3'
Event: 87.341 Thread 0x00000197f22155d0 Unloading class 0x00000000166208f0 '_BuildScript_$_run_closure1$_closure2'
Event: 87.341 Thread 0x00000197f22155d0 Unloading class 0x0000000016620500 '_BuildScript_$_run_closure1'
Event: 87.341 Thread 0x00000197f22155d0 Unloading class 0x0000000016620000 '_BuildScript_'
Event: 94.224 Thread 0x00000197f22155d0 Unloading class 0x0000000016630000 '_BuildScript_'
Event: 94.224 Thread 0x00000197f22155d0 Unloading class 0x000000001662c8f0 '_BuildScript_$_run_closure1$_closure2'
Event: 94.224 Thread 0x00000197f22155d0 Unloading class 0x000000001662c500 '_BuildScript_$_run_closure1'
Event: 94.224 Thread 0x00000197f22155d0 Unloading class 0x000000001662c000 '_BuildScript_'
Event: 94.224 Thread 0x00000197f22155d0 Unloading class 0x000000001662a3f8 '_BuildScript_$_run_closure1$_closure2$_closure3$_closure4'
Event: 94.224 Thread 0x00000197f22155d0 Unloading class 0x000000001662a000 '_BuildScript_$_run_closure1$_closure2$_closure3'
Event: 94.224 Thread 0x00000197f22155d0 Unloading class 0x000000001657c3f0 '_BuildScript_$_run_closure1$_closure2'
Event: 94.224 Thread 0x00000197f22155d0 Unloading class 0x000000001657c000 '_BuildScript_$_run_closure1'
Event: 94.224 Thread 0x00000197f22155d0 Unloading class 0x0000000016574000 '_BuildScript_'
Event: 311.763 Thread 0x00000197f22155d0 Unloading class 0x0000000017089bb8 '_BuildScript_$_run_closure1$_closure2'
Event: 311.763 Thread 0x00000197f22155d0 Unloading class 0x00000000170897c8 '_BuildScript_$_run_closure1'
Event: 311.763 Thread 0x00000197f22155d0 Unloading class 0x00000000170892c8 '_BuildScript_'
Event: 311.764 Thread 0x00000197f22155d0 Unloading class 0x0000000017089000 'GradleAnnotationProcessorPatchPlugin$AnnotationProcessorModelBuilder'
Event: 311.764 Thread 0x00000197f22155d0 Unloading class 0x0000000017088c00 'GradleAnnotationProcessorPatchPlugin'

Classes redefined (0 events):
No events

Internal exceptions (20 events):
Event: 480.843 Thread 0x00000197fa951a30 Exception <a 'sun/nio/fs/WindowsException'{0x00000007ff4bc5f0}> (0x00000007ff4bc5f0) 
thrown [s\open\src\hotspot\share\prims\jni.cpp, line 516]
Event: 480.975 Thread 0x00000197fa951a30 Exception <a 'sun/nio/fs/WindowsException'{0x00000007ff4c8bb8}> (0x00000007ff4c8bb8) 
thrown [s\open\src\hotspot\share\prims\jni.cpp, line 516]
Event: 480.988 Thread 0x00000197fa951a30 Exception <a 'sun/nio/fs/WindowsException'{0x00000007ff4d16b0}> (0x00000007ff4d16b0) 
thrown [s\open\src\hotspot\share\prims\jni.cpp, line 516]
Event: 480.993 Thread 0x00000197fa951a30 Exception <a 'sun/nio/fs/WindowsException'{0x00000007ff4ddf58}> (0x00000007ff4ddf58) 
thrown [s\open\src\hotspot\share\prims\jni.cpp, line 516]
Event: 481.000 Thread 0x00000197fa951a30 Exception <a 'sun/nio/fs/WindowsException'{0x00000007ff4e4c78}> (0x00000007ff4e4c78) 
thrown [s\open\src\hotspot\share\prims\jni.cpp, line 516]
Event: 481.005 Thread 0x00000197fa951a30 Exception <a 'sun/nio/fs/WindowsException'{0x00000007ff4ed330}> (0x00000007ff4ed330) 
thrown [s\open\src\hotspot\share\prims\jni.cpp, line 516]
Event: 481.017 Thread 0x00000197fa951a30 Exception <a 'sun/nio/fs/WindowsException'{0x00000007ff50e618}> (0x00000007ff50e618) 
thrown [s\open\src\hotspot\share\prims\jni.cpp, line 516]
Event: 481.022 Thread 0x00000197fa951a30 Exception <a 'sun/nio/fs/WindowsException'{0x00000007ff51bad8}> (0x00000007ff51bad8) 
thrown [s\open\src\hotspot\share\prims\jni.cpp, line 516]
Event: 481.032 Thread 0x00000197fa951a30 Exception <a 'sun/nio/fs/WindowsException'{0x00000007ff522e30}> (0x00000007ff522e30) 
thrown [s\open\src\hotspot\share\prims\jni.cpp, line 516]
Event: 482.216 Thread 0x00000197fa951a30 Implicit null exception at 0x0000019791154056 to 0x00000197911546c8
Event: 482.520 Thread 0x00000197fa951a30 Implicit null exception at 0x0000019791156ae4 to 0x0000019791157154
Event: 492.620 Thread 0x00000197fa951a30 Exception <a 'sun/nio/fs/WindowsException'{0x0000000667dfa800}> (0x0000000667dfa800) 
thrown [s\open\src\hotspot\share\prims\jni.cpp, line 516]
Event: 492.623 Thread 0x00000197fa951a30 Exception <a 'sun/nio/fs/WindowsException'{0x0000000667dfc588}> (0x0000000667dfc588) 
thrown [s\open\src\hotspot\share\prims\jni.cpp, line 516]
Event: 497.880 Thread 0x00000197fa951a30 Exception <a 'sun/nio/fs/WindowsException'{0x0000000668ee0c08}> (0x0000000668ee0c08) 
thrown [s\open\src\hotspot\share\prims\jni.cpp, line 516]
Event: 497.909 Thread 0x00000197fa951a30 Exception <a 'sun/nio/fs/WindowsException'{0x0000000668ee2590}> (0x0000000668ee2590) 
thrown [s\open\src\hotspot\share\prims\jni.cpp, line 516]
Event: 498.022 Thread 0x00000197fa951a30 Exception <a 'sun/nio/fs/WindowsException'{0x0000000668ef8258}> (0x0000000668ef8258) 
thrown [s\open\src\hotspot\share\prims\jni.cpp, line 516]
Event: 498.096 Thread 0x00000197fa951a30 Exception <a 'sun/nio/fs/WindowsException'{0x0000000668f0a330}> (0x0000000668f0a330) 
thrown [s\open\src\hotspot\share\prims\jni.cpp, line 516]
Event: 504.688 Thread 0x00000197fa951a30 Implicit null exception at 0x000001979118eef2 to 0x000001979118f558
Event: 507.372 Thread 0x00000197fa951a30 Exception <a 'sun/nio/fs/WindowsException'{0x000000066713e498}> (0x000000066713e498) 
thrown [s\open\src\hotspot\share\prims\jni.cpp, line 516]
Event: 507.394 Thread 0x00000197fa951a30 Exception <a 'sun/nio/fs/WindowsException'{0x000000066713ff70}> (0x000000066713ff70) 
thrown [s\open\src\hotspot\share\prims\jni.cpp, line 516]

VM Operations (20 events):
Event: 453.523 Executing safepoint VM operation: G1CollectForAllocation (G1 Evacuation Pause)
Event: 453.815 Executing safepoint VM operation: G1CollectForAllocation (G1 Evacuation Pause) done
Event: 454.269 Executing safepoint VM operation: G1CollectForAllocation (G1 Evacuation Pause)
Event: 454.389 Executing safepoint VM operation: G1CollectForAllocation (G1 Evacuation Pause) done
Event: 464.836 Executing safepoint VM operation: G1CollectForAllocation (G1 Evacuation Pause)
Event: 464.869 Executing safepoint VM operation: G1CollectForAllocation (G1 Evacuation Pause) done
Event: 477.410 Executing safepoint VM operation: G1CollectForAllocation (G1 Evacuation Pause)
Event: 478.085 Executing safepoint VM operation: G1CollectForAllocation (G1 Evacuation Pause) done
Event: 481.333 Executing non-safepoint VM operation: HandshakeAllThreads (HandshakeForDeflation)
Event: 481.336 Executing non-safepoint VM operation: HandshakeAllThreads (HandshakeForDeflation) done
Event: 481.336 Executing non-safepoint VM operation: RendezvousGCThreads
Event: 481.336 Executing non-safepoint VM operation: RendezvousGCThreads done
Event: 492.894 Executing safepoint VM operation: G1CollectForAllocation (G1 Evacuation Pause)
Event: 493.016 Executing safepoint VM operation: G1CollectForAllocation (G1 Evacuation Pause) done
Event: 494.619 Executing safepoint VM operation: G1CollectForAllocation (G1 Evacuation Pause)
Event: 494.834 Executing safepoint VM operation: G1CollectForAllocation (G1 Evacuation Pause) done
Event: 508.160 Executing safepoint VM operation: G1CollectForAllocation (G1 Evacuation Pause)
Event: 508.757 Executing safepoint VM operation: G1CollectForAllocation (G1 Evacuation Pause) done
Event: 511.336 Executing safepoint VM operation: G1CollectForAllocation (G1 Evacuation Pause)
Event: 512.190 Executing safepoint VM operation: G1CollectForAllocation (G1 Evacuation Pause) done

Memory protections (0 events):
No events

Nmethod flushes (20 events):
Event: 312.607 Thread 0x00000197f22155d0 flushing  nmethod 0x00000197812c0488
Event: 312.607 Thread 0x00000197f22155d0 flushing  nmethod 0x00000197812f3208
Event: 312.608 Thread 0x00000197f22155d0 flushing  nmethod 0x0000019781300288
Event: 312.608 Thread 0x00000197f22155d0 flushing  nmethod 0x0000019781304b08
Event: 312.608 Thread 0x00000197f22155d0 flushing  nmethod 0x0000019781304e88
Event: 312.608 Thread 0x00000197f22155d0 flushing  nmethod 0x00000197813a7488
Event: 312.608 Thread 0x00000197f22155d0 flushing  nmethod 0x000001978178f088
Event: 312.608 Thread 0x00000197f22155d0 flushing  nmethod 0x0000019781865788
Event: 312.608 Thread 0x00000197f22155d0 flushing  nmethod 0x00000197818f9508
Event: 312.608 Thread 0x00000197f22155d0 flushing  nmethod 0x00000197819df688
Event: 312.608 Thread 0x00000197f22155d0 flushing  nmethod 0x00000197819e0388
Event: 312.608 Thread 0x00000197f22155d0 flushing  nmethod 0x0000019781a7fc88
Event: 312.608 Thread 0x00000197f22155d0 flushing  nmethod 0x0000019781cf8b88
Event: 312.608 Thread 0x00000197f22155d0 flushing  nmethod 0x0000019781e8a488
Event: 312.609 Thread 0x00000197f22155d0 flushing  nmethod 0x0000019782104c08
Event: 312.609 Thread 0x00000197f22155d0 flushing  nmethod 0x0000019782105408
Event: 312.609 Thread 0x00000197f22155d0 flushing  nmethod 0x0000019782106908
Event: 312.609 Thread 0x00000197f22155d0 flushing  nmethod 0x000001978212b488
Event: 312.609 Thread 0x00000197f22155d0 flushing  nmethod 0x00000197821fba88
Event: 312.609 Thread 0x00000197f22155d0 flushing  nmethod 0x00000197823ce308

Events (20 events):
Event: 390.902 Thread 0x00000197fa951a30 Thread added: 0x00000197bb445470
Event: 391.610 Thread 0x00000197f223fe10 Thread added: 0x00000197bdb4ec10
Event: 391.820 Thread 0x00000197bdb4ec10 Thread exited: 0x00000197bdb4ec10
Event: 392.654 Thread 0x00000197fa951a30 Thread added: 0x00000197bb447b80
Event: 392.654 Thread 0x00000197fa951a30 Thread added: 0x00000197bb4444d0
Event: 392.655 Thread 0x00000197fa951a30 Thread added: 0x00000197bb449ac0
Event: 399.438 Thread 0x00000197fa951a30 Thread added: 0x00000197bb448b20
Event: 399.464 Thread 0x00000197fa951a30 Thread added: 0x00000197bb44a290
Event: 399.468 Thread 0x00000197fa951a30 Thread added: 0x00000197b24c0830
Event: 400.653 Thread 0x00000197fa951a30 Thread added: 0x00000197b24c1fa0
Event: 400.654 Thread 0x00000197fa951a30 Thread added: 0x00000197b24c2770
Event: 400.656 Thread 0x00000197fa951a30 Thread added: 0x00000197b24c2f40
Event: 414.147 Thread 0x00000197fa951a30 Thread added: 0x00000197b24c46b0
Event: 414.148 Thread 0x00000197fa951a30 Thread added: 0x00000197b24c3ee0
Event: 414.148 Thread 0x00000197fa951a30 Thread added: 0x00000197b24c5e20
Event: 414.251 Thread 0x00000197fa951a30 Thread added: 0x00000197b24ca470
Event: 414.333 Thread 0x00000197fa951a30 Thread added: 0x00000197b24c9ca0
Event: 442.049 Thread 0x00000197f979e120 Thread added: 0x00000197b24cb410
Event: 442.059 Thread 0x00000197f979e120 Thread added: 0x00000197b24cc3b0
Event: 442.196 Thread 0x00000197f979e120 Thread added: 0x00000197b24cf290


Dynamic libraries:
0x00007ff628210000 - 0x00007ff628220000 	C:\Program Files\Java\jdk-25\bin\java.exe
0x00007ffff05e0000 - 0x00007ffff0846000 	C:\WINDOWS\SYSTEM32\ntdll.dll
0x00007fffad5e0000 - 0x00007fffad601000 	C:\Program Files\AVG\Antivirus\aswhook.dll
0x00007fffef680000 - 0x00007fffef749000 	C:\WINDOWS\System32\KERNEL32.DLL
0x00007fffedf00000 - 0x00007fffee2ff000 	C:\WINDOWS\System32\KERNELBASE.dll
0x00007fffedb70000 - 0x00007fffedcbc000 	C:\WINDOWS\System32\ucrtbase.dll
0x00007fffca910000 - 0x00007fffca927000 	C:\Program Files\Java\jdk-25\bin\jli.dll
0x00007fffef750000 - 0x00007fffef916000 	C:\WINDOWS\System32\USER32.dll
0x00007fffedb40000 - 0x00007fffedb67000 	C:\WINDOWS\System32\win32u.dll
0x00007ffff0400000 - 0x00007ffff042b000 	C:\WINDOWS\System32\GDI32.dll
0x00007fffed980000 - 0x00007fffedaa9000 	C:\WINDOWS\System32\gdi32full.dll
0x00007fffede50000 - 0x00007fffedef3000 	C:\WINDOWS\System32\msvcp_win.dll
0x00007fffc7970000 - 0x00007fffc7c01000 	C:\WINDOWS\WinSxS\amd64_microsoft.windows.common-controls_6595b64144ccf1df_6.0.26100.8972_none_3e0da176e32f9d4b\COMCTL32.dll
0x00007ffff0260000 - 0x00007ffff0309000 	C:\WINDOWS\System32\msvcrt.dll
0x00007fffc64d0000 - 0x00007fffc64ee000 	C:\Program Files\Java\jdk-25\bin\VCRUNTIME140.dll
0x00007fffeec90000 - 0x00007fffeecc2000 	C:\WINDOWS\System32\IMM32.DLL
0x00007fffd1ca0000 - 0x00007fffd1cac000 	C:\Program Files\Java\jdk-25\bin\vcruntime140_1.dll
0x00007fffa7300000 - 0x00007fffa738d000 	C:\Program Files\Java\jdk-25\bin\msvcp140.dll
0x00007fff38cc0000 - 0x00007fff39b1f000 	C:\Program Files\Java\jdk-25\bin\server\jvm.dll
0x00007fffeeaa0000 - 0x00007fffeeb5c000 	C:\WINDOWS\System32\ADVAPI32.dll
0x00007fffef520000 - 0x00007fffef5c9000 	C:\WINDOWS\System32\sechost.dll
0x00007fffeeb70000 - 0x00007fffeec88000 	C:\WINDOWS\System32\RPCRT4.dll
0x00007fffeecd0000 - 0x00007fffeed52000 	C:\WINDOWS\System32\WS2_32.dll
0x00007fffed650000 - 0x00007fffed6ae000 	C:\WINDOWS\SYSTEM32\POWRPROF.dll
0x00007fffe61a0000 - 0x00007fffe61d6000 	C:\WINDOWS\SYSTEM32\WINMM.dll
0x00007fffe61e0000 - 0x00007fffe61eb000 	C:\WINDOWS\SYSTEM32\VERSION.dll
0x00007fffed630000 - 0x00007fffed645000 	C:\WINDOWS\SYSTEM32\UMPDC.dll
0x00007fffec4a0000 - 0x00007fffec4bb000 	C:\WINDOWS\SYSTEM32\kernel.appcore.dll
0x00007fffcea20000 - 0x00007fffcea2a000 	C:\Program Files\Java\jdk-25\bin\jimage.dll
0x00007fffeb020000 - 0x00007fffeb262000 	C:\WINDOWS\SYSTEM32\DBGHELP.DLL
0x00007fffeed60000 - 0x00007fffef0e5000 	C:\WINDOWS\System32\combase.dll
0x00007fffef920000 - 0x00007fffef9f9000 	C:\WINDOWS\System32\OLEAUT32.dll
0x00007fffdf2e0000 - 0x00007fffdf31b000 	C:\WINDOWS\SYSTEM32\dbgcore.DLL
0x00007fffedd90000 - 0x00007fffede3c000 	C:\WINDOWS\System32\bcryptPrimitives.dll
0x00007fffca900000 - 0x00007fffca910000 	C:\Program Files\Java\jdk-25\bin\instrument.dll
0x00007fffc64b0000 - 0x00007fffc64cf000 	C:\Program Files\Java\jdk-25\bin\java.dll
0x00007ffff0000000 - 0x00007ffff0199000 	C:\WINDOWS\System32\ole32.dll
0x00007fffee310000 - 0x00007fffeea98000 	C:\WINDOWS\System32\SHELL32.dll
0x00007fffeb280000 - 0x00007fffebb1b000 	C:\WINDOWS\SYSTEM32\windows.storage.dll
0x00007fffef120000 - 0x00007fffef219000 	C:\WINDOWS\System32\SHCORE.dll
0x00007ffff0530000 - 0x00007ffff0596000 	C:\WINDOWS\System32\shlwapi.dll
0x00007fffed710000 - 0x00007fffed739000 	C:\WINDOWS\SYSTEM32\profapi.dll
0x00007fffc5ca0000 - 0x00007fffc5cb7000 	C:\Program Files\Java\jdk-25\bin\zip.dll
0x00007fffc63d0000 - 0x00007fffc63e2000 	C:\Program Files\Java\jdk-25\bin\net.dll
0x00007fffeca30000 - 0x00007fffeca9c000 	C:\WINDOWS\system32\mswsock.dll
0x00007fffc6390000 - 0x00007fffc63a6000 	C:\Program Files\Java\jdk-25\bin\nio.dll
0x00007fffce6e0000 - 0x00007fffce6f0000 	C:\Program Files\Java\jdk-25\bin\verify.dll
0x00007fffe6410000 - 0x00007fffe6437000 	C:\Users\Lenovo\.gradle\native\1def1411415f61bf3af743bc5b6707747c0891f09f0c88961ee8f79bc544acac\windows-amd64\native-platform.dll
0x00007fffbade0000 - 0x00007fffbae57000 	C:\Users\Lenovo\.gradle\native\0.2.8\x86_64-windows-gnu\gradle-fileevents.dll
0x00007fffca6c0000 - 0x00007fffca6ca000 	C:\Program Files\Java\jdk-25\bin\management.dll
0x00007fffca6b0000 - 0x00007fffca6bc000 	C:\Program Files\Java\jdk-25\bin\management_ext.dll
0x00007fffef2a0000 - 0x00007fffef2a8000 	C:\WINDOWS\System32\PSAPI.DLL
0x00007fffebe50000 - 0x00007fffebe83000 	C:\WINDOWS\SYSTEM32\IPHLPAPI.DLL
0x00007fffef650000 - 0x00007fffef65a000 	C:\WINDOWS\System32\NSI.dll
0x00007fffce680000 - 0x00007fffce689000 	C:\Program Files\Java\jdk-25\bin\extnet.dll
0x00007fffece50000 - 0x00007fffece6b000 	C:\WINDOWS\SYSTEM32\CRYPTSP.dll
0x00007fffec400000 - 0x00007fffec439000 	C:\WINDOWS\system32\rsaenh.dll
0x00007fffecae0000 - 0x00007fffecb12000 	C:\WINDOWS\SYSTEM32\USERENV.dll
0x00007fffed6e0000 - 0x00007fffed70a000 	C:\WINDOWS\SYSTEM32\bcrypt.dll
0x00007fffecc90000 - 0x00007fffecc9c000 	C:\WINDOWS\SYSTEM32\CRYPTBASE.dll
0x00007fffca5a0000 - 0x00007fffca5ae000 	C:\Program Files\Java\jdk-25\bin\sunmscapi.dll
0x00007fffed7f0000 - 0x00007fffed96e000 	C:\WINDOWS\System32\CRYPT32.dll
0x00007fffecfc0000 - 0x00007fffecff0000 	C:\WINDOWS\SYSTEM32\ncrypt.dll
0x00007fffecf70000 - 0x00007fffecfaf000 	C:\WINDOWS\SYSTEM32\NTASN1.dll
0x00007fffdef00000 - 0x00007fffdef08000 	C:\WINDOWS\system32\wshunix.dll
0x00007fffec5d0000 - 0x00007fffec606000 	C:\WINDOWS\SYSTEM32\ntmarta.dll

JVMTI agents:
C:\Users\Lenovo\.gradle\wrapper\dists\gradle-9.1.0-all\7wzd0jkjit61aq2p43wpjgij9\gradle-9.1.0\lib\agents\gradle-instrumentation-agent-9.1.0.jar path:C:\Program Files\Java\jdk-25\bin\instrument.dll, loaded, initialized, instrumentlib options:none

dbghelp: loaded successfully - version: 4.0.5 - missing functions: none
symbol engine: initialized successfully - sym options: 0x614 - pdb path: .;C:\Program Files\Java\jdk-25\bin;C:\WINDOWS\SYSTEM32;C:\Program Files\AVG\Antivirus;C:\WINDOWS\WinSxS\amd64_microsoft.windows.common-controls_6595b64144ccf1df_6.0.26100.8972_none_3e0da176e32f9d4b;C:\Program Files\Java\jdk-25\bin\server;C:\Users\Lenovo\.gradle\native\1def1411415f61bf3af743bc5b6707747c0891f09f0c88961ee8f79bc544acac\windows-amd64;C:\Users\Lenovo\.gradle\native\0.2.8\x86_64-windows-gnu

VM Arguments:
jvm_args: --add-opens=java.base/java.lang=ALL-UNNAMED --add-opens=java.base/java.lang.invoke=ALL-UNNAMED --add-opens=java.base/java.util=ALL-UNNAMED --add-opens=java.prefs/java.util.prefs=ALL-UNNAMED --add-exports=jdk.compiler/com.sun.tools.javac.api=ALL-UNNAMED --add-exports=jdk.compiler/com.sun.tools.javac.util=ALL-UNNAMED --add-opens=java.base/java.util=ALL-UNNAMED --add-opens=java.prefs/java.util.prefs=ALL-UNNAMED --add-opens=java.base/java.nio.charset=ALL-UNNAMED --add-opens=java.base/java.net=ALL-UNNAMED --add-opens=java.base/java.util.concurrent=ALL-UNNAMED --add-opens=java.base/java.util.concurrent.atomic=ALL-UNNAMED --add-opens=java.xml/javax.xml.namespace=ALL-UNNAMED --add-opens=java.base/java.time=ALL-UNNAMED --enable-native-access=ALL-UNNAMED -XX:MaxMetaspaceSize=4G -XX:ReservedCodeCacheSize=512m -XX:+HeapDumpOnOutOfMemoryError -Xmx8G -Dfile.encoding=UTF-8 -Duser.country=FR -Duser.language=fr -Duser.variant -javaagent:C:\Users\Lenovo\.gradle\wrapper\dists\gradle-9.1.0-all\7wzd0jkjit61aq2p43wpjgij9\gradle-9.1.0\lib\agents\gradle-instrumentation-agent-9.1.0.jar 
java_command: org.gradle.launcher.daemon.bootstrap.GradleDaemon 9.1.0
java_class_path (initial): C:\Users\Lenovo\.gradle\wrapper\dists\gradle-9.1.0-all\7wzd0jkjit61aq2p43wpjgij9\gradle-9.1.0\lib\gradle-daemon-main-9.1.0.jar
Launcher Type: SUN_STANDARD

[Global flags]
     intx CICompilerCount                          = 3                                         {product} {ergonomic}
     uint ConcGCThreads                            = 1                                         {product} {ergonomic}
     uint G1ConcRefinementThreads                  = 4                                         {product} {ergonomic}
   size_t G1HeapRegionSize                         = 4194304                                   {product} {ergonomic}
     bool HeapDumpOnOutOfMemoryError               = true                                   {manageable} {command line}
   size_t InitialHeapSize                          = 125829120                                 {product} {ergonomic}
   size_t MarkStackSize                            = 4194304                                   {product} {ergonomic}
   size_t MarkStackSizeMax                         = 536870912                                 {product} {ergonomic}
   size_t MaxHeapSize                              = 8589934592                                {product} {command line}
   size_t MaxMetaspaceSize                         = 4294967296                                {product} {command line}
   size_t MaxNewSize                               = 5150605312                                {product} {ergonomic}
   size_t MinHeapDeltaBytes                        = 4194304                                   {product} {ergonomic}
   size_t MinHeapSize                              = 8388608                                   {product} {ergonomic}
    uintx NonNMethodCodeHeapSize                   = 5832704                                {pd product} {ergonomic}
    uintx NonProfiledCodeHeapSize                  = 265551872                              {pd product} {ergonomic}
    uintx ProfiledCodeHeapSize                     = 265486336                              {pd product} {ergonomic}
    uintx ReservedCodeCacheSize                    = 536870912                              {pd product} {command line, ergonomic}
     bool SegmentedCodeCache                       = true                                      {product} {ergonomic}
   size_t SoftMaxHeapSize                          = 8589934592                             {manageable} {ergonomic}
     bool UseCompressedOops                        = true                           {product lp64_product} {ergonomic}
     bool UseG1GC                                  = true                                      {product} {ergonomic}
     bool UseLargePagesIndividualAllocation        = false                                  {pd product} {ergonomic}

Logging:
Log output configuration:
 #0: stdout all=warning uptime,level,tags foldmultilines=false
 #1: stderr all=off uptime,level,tags foldmultilines=false

Release file:
IMPLEMENTOR="Oracle Corporation" 
JAVA_RUNTIME_VERSION="25.0.1+8-LTS-27" 
JAVA_VERSION="25.0.1" 
JAVA_VERSION_DATE="2025-10-21" 
LIBC="default" 
MODULES="java.base java.compiler java.datatransfer java.xml java.prefs java.desktop java.instrument java.logging java.management java.security.sasl java.naming java.rmi java.management.rmi java.net.http java.scripting java.security.jgss java.transaction.xa java.sql java.sql.rowset java.xml.crypto java.se java.smartcardio jdk.accessibility jdk.internal.jvmstat jdk.attach jdk.charsets jdk.internal.opt jdk.zipfs jdk.compiler jdk.crypto.cryptoki jdk.crypto.ec jdk.crypto.mscapi jdk.dynalink jdk.internal.ed jdk.editpad jdk.internal.vm.ci jdk.graal.compiler jdk.graal.compiler.management jdk.hotspot.agent jdk.httpserver jdk.incubator.vector jdk.internal.le jdk.internal.md jdk.jartool jdk.javadoc jdk.jcmd jdk.management jdk.management.agent jdk.jconsole jdk.jdeps jdk.jdwp.agent jdk.jdi jdk.jfr jdk.jlink jdk.jpackage jdk.jshell jdk.jsobject jdk.jstatd jdk.localedata jdk.management.jfr jdk.naming.dns jdk.naming.rmi jdk.net jdk.nio.mapmode jdk.sctp jdk.security.auth jdk.security.jgss jdk.unsupported jdk.unsupported.desktop jdk.xml.dom" 
OS_ARCH="x86_64" 
OS_NAME="Windows" 
SOURCE=".:git:862c85bc42b7 open:git:78770bfaefd2" 

Environment Variables:
PATH=C:\Program Files\ImageMagick-7.1.2-Q16-HDRI;C:\Program Files\Common Files\Oracle\Java\javapath;C:\WINDOWS\system32;C:\WINDOWS;C:\WINDOWS\System32\Wbem;C:\WINDOWS\System32\WindowsPowerShell\v1.0\;C:\WINDOWS\System32\OpenSSH\;C:\Program Files\Java\jdk-25;C:\Program Files\Java\jdk-25\bin;C:\xamppe\mysql\bin;C:\xamppe\php;C:\Program Files\Git\cmd;C:\Program Files\nodejs\;C:\xampp\mysql\bin;C:\Program Files\dotnet\;C:\ffmpeg\bin;C:\Android\Sdk\platform-tools;C:\Android\Sdk\cmdline-tools\latest\bin;C:\Program Files\ImageMagick-7.1.2-Q16-HDRI;C:\Program Files\Common Files\Oracle\Java\javapath;C:\WINDOWS\system32;C:\WINDOWS;C:\WINDOWS\System32\Wbem;C:\WINDOWS\System32\WindowsPowerShell\v1.0\;C:\WINDOWS\System32\OpenSSH\;C:\Program Files\Java\jdk-25;C:\Program Files\Java\jdk-25\bin;C:\xamppe\mysql\bin;C:\xamppe\php;C:\Program Files\Git\cmd;C:\Program Files\nodejs\;C:\xampp\mysql\bin;C:\Program Files\dotnet\;C:\ffmpeg\bin;C:\Android\Sdk\platform-tools;C:\Android\Sdk\cmdline-tools\latest\bin;C:\Users\Lenovo\AppData\Local\Programs\Python\Python311\Scripts\;C:\Users\Lenovo\AppData\Local\Programs\Python\Python311\;C:\Users\Lenovo\AppData\Local\Programs\Python\Python312\Scripts\;C:\Users\Lenovo\AppData\Local\Programs\Python\Python312\;C:\Users\Lenovo\AppData\Local\Programs\Python\Python315\Scripts\;C:\Users\Lenovo\AppData\Local\Programs\Python\Python315\;C:\Users\Lenovo\AppData\Local\Programs\Python\Launcher\;C:\Users\Lenovo\AppData\Local\Microsoft\WindowsApps;C:\Users\Lenovo\AppData\Local\Programs\Microsoft VS;C:\flutter\bin;C:\Users\Lenovo\AppData\Local\Programs\Microsoft VS Code\bin
USERNAME=Lenovo
OS=Windows_NT
PROCESSOR_IDENTIFIER=AMD64 Family 23 Model 96 Stepping 1, AuthenticAMD
TMP=C:\Users\Lenovo\AppData\Local\Temp
TEMP=C:\Users\Lenovo\AppData\Local\Temp




Compilation memory statistics disabled.

Periodic native trim disabled

---------------  S Y S T E M  ---------------

OS:
 Windows 11 , 64 bit Build 26100 (10.0.26100.8972)
OS uptime: 16 days 21:09 hours
Hyper-V role detected

CPU: total 4 (initial active 4) (4 cores per cpu, 1 threads per core) family 23 model 96 stepping 1 microcode 0x860010f, cx8, cmov, fxsr, mmx, 3dnowpref, sse, sse2, sse3, ssse3, sse4a, sse4.1, sse4.2, popcnt, lzcnt, tsc, tscinvbit, avx, avx2, aes, clmul, bmi1, bmi2, adx, sha, fma, vzeroupper, clflush, clflushopt, clwb, hv, rdtscp, rdpid, f16c
Processor Information for the first 4 processors :
  Max Mhz: 2700, Current Mhz: 2700, Mhz Limit: 2700

Memory: 4k page, system-wide physical 7544M (373M free)
TotalPageFile size 31096M (AvailPageFile size 0M)
current process WorkingSet (physical memory assigned to process): 493M, peak: 731M
current process commit charge ("private bytes"): 2245M, peak: 2254M

vm_info: Java HotSpot(TM) 64-Bit Server VM (25.0.1+8-LTS-27) for windows-amd64 JRE (25.0.1+8-LTS-27), built on 2025-09-25T16:41:16Z with unknown MS VC++:1943

END.
